Calculation Date,SOFR,SOFR Date,Daily Calculated Blended HIBOR,Effective Blended HIBOR for SME,Unnamed: 5,Unnamed: 6,Unnamed: 7,Unnamed: 8,Unnamed: 9,Unnamed: 10,Unnamed: 11,Unnamed: 12,Unnamed: 13,Unnamed: 14,Unnamed: 15,Unnamed: 16,Unnamed: 17,Unnamed: 18,Unnamed: 19,Unnamed: 20
2022-08-05,1.53,27/7/2022,,,,,,,,,,,,,,,,,,
2022-08-06,2.28,28/7/2022,,,,,,,,,,,,,,,,,,
2022-08-07,2.27,29/7/2022,,,,,,,,,,,,,,,,,,
2022-08-08,2.27,29/7/2022,,,,,,,,,,,,,,,,,,
2022-08-09,2.27,29/7/2022,,,,,,,,,,,,,,,,,,
2022-08-10,2.28,1/8/22 0:00,,,,,,,,,,,,,,,,,,
2022-08-11,2.3,2/8/22 0:00,,,,,,,,,,,,,,,,,,
2022-08-12,2.29,3/8/22 0:00,,,,,,,,,,,,,,,,,,
2022-08-13,2.29,4/8/22 0:00,,,,,,,,,,,,,,,,,,
2022-08-14,2.28,5/8/22 0:00,,,,,,,,,,,,,,,,,,
2022-08-15,2.28,5/8/22 0:00,,,,,,,,,,,,,,,,,,
2022-08-16,2.28,5/8/22 0:00,,,,,,,,,,,,,,,,,,
2022-08-17,2.29,9/8/22 0:00,,,,,,,,,,,,,,,,,,
2022-08-18,2.28,10/8/22 0:00,,,,,,,,,,,,,,,,,,
2022-08-19,2.28,11/8/22 0:00,,,,,,,,,,,,,,,,,,
2022-08-20,2.28,12/8/22 0:00,,,,,,,,,,,,,,,,,,
2022-08-21,2.28,12/8/22 0:00,,,,,,,,,,,,,,,,,,
2022-08-22,2.28,12/8/22 0:00,,,,,,,,,,,,,,,,,,
2022-08-23,2.29,15/8/2022,,,,,,,,,,,,,,,,,,
2022-08-24,2.29,16/8/2022,,,,,,,,,,,,,,,,,,
2022-08-25,2.29,17/8/2022,,,,,,,,,,,,,,,,,,
2022-08-26,2.28,18/8/2022,,,,,,,,,,,,,,,,,,
2022-08-27,2.28,19/8/2022,,,,,,,,,,,,,,,,,,
2022-08-28,2.28,19/8/2022,,,,,,,,,,,,,,,,,,
2022-08-29,2.28,19/8/2022,,,,,,,,,,,,,,,,,,
2022-08-30,2.28,22/8/2022,,,,,,,,,,,,,,,,,,
2022-08-31,2.27,23/8/2022,,,,,,,,,,,,,,,,,,
2022-09-01,2.27,24/8/2022,,,,,,,,,,,,,,,,,,
2022-09-02,2.28,25/8/2022,,,,,,,,,,,,,,,,,,
2022-09-03,2.28,26/8/2022,,,,,,,,,,,,,,,,,,
2022-09-04,2.28,26/8/2022,,,,,,,,,,,,,,,,,,
2022-09-05,2.28,26/8/2022,,,,,,,,,,,,,,,,,,
2022-09-06,2.28,26/8/2022,,,,,,,,,,,,,,,,,,
2022-09-07,2.28,29/8/2022,,,,,,,,,,,,,,,,,,
2022-09-08,2.29,30/8/2022,,,,,,,,,,,,,,,,,,
2022-09-09,2.29,31/8/2022,,,,,,,,,,,,,,,,,,
2022-09-10,2.29,1/9/22 0:00,,,,,,,,,,,,,,,,,,
2022-09-11,2.29,1/9/22 0:00,,,,,,,,,,,,,,,,,,
2022-09-12,2.29,1/9/22 0:00,,,,,,,,,,,,,,,,,,
2022-09-13,2.29,2/9/22 0:00,,,,,,,,,,,,,,,,,,
2022-09-14,2.29,6/9/22 0:00,,,,,,,,,,,,,,,,,,
2022-09-15,2.28,7/9/22 0:00,,,,,,,,,,,,,,,,,,
2022-09-16,2.28,8/9/22 0:00,,,,,,,,,,,,,,,,,,
2022-09-17,2.28,9/9/22 0:00,,,,,,,,,,,,,,,,,,
2022-09-18,2.28,9/9/22 0:00,,,,,,,,,,,,,,,,,,
2022-09-19,2.28,9/9/22 0:00,,,,,,,,,,,,,,,,,,
2022-09-20,2.28,12/9/22 0:00,,,,,,,,,,,,,,,,,,
2022-09-21,2.28,13/9/2022,,,,,,,,,,,,,,,,,,
2022-09-22,2.27,14/9/2022,,,,,,,,,,,,,,,,,,
2022-09-23,2.28,15/9/2022,,,,,,,,,,,,,,,,,,
2022-09-24,2.27,16/9/2022,,,,,,,,,,,,,,,,,,
2022-09-25,2.27,16/9/2022,,,,,,,,,,,,,,,,,,
2022-09-26,2.27,16/9/2022,,,,,,,,,,,,,,,,,,
2022-09-27,2.27,19/9/2022,,,,,,,,,,,,,,,,,,
2022-09-28,2.26,20/9/2022,,,,,,,,,,,,,,,,,,
2022-09-29,2.25,21/9/2022,,,,,,,,,,,,,,,,,,
2022-09-30,2.99,22/9/2022,,,,,,,,,,,,,,,,,,
2022-10-01,2.99,23/9/2022,,,,,,,,,,,,,,,,,,
2022-10-02,2.99,23/9/2022,,,,,,,,,,,,,,,,,,
2022-10-03,2.99,23/9/2022,,,,,,,,,,,,,,,,,,
2022-10-04,2.99,26/9/2022,,,,,,,,,,,,,,,,,,
2022-10-05,2.98,27/9/2022,,,,,,,,,,,,,,,,,,
2022-10-06,2.98,28/9/2022,,,,,,,,,,,,,,,,,,
2022-10-07,2.96,29/9/2022,,,,,,,,,,,,,,,,,,
2022-10-08,2.98,30/9/2022,,,,,,,,,,,,,,,,,,
2022-10-09,2.98,30/9/2022,,,,,,,,,,,,,,,,,,
2022-10-10,2.98,30/9/2022,,,,,,,,,,,,,,,,,,
2022-10-11,2.98,30/9/2022,,,,,,,,,,,,,,,,,,
2022-10-12,3.0,3/10/22 0:00,,,,,,,,,,,,,,,,,,
2022-10-13,3.04,4/10/22 0:00,,,,,,,,,,,,,,,,,,
2022-10-14,3.04,5/10/22 0:00,,,,,,,,,,,,,,,,,,
2022-10-15,3.05,6/10/22 0:00,,,,,,,,,,,,,,,,,,
2022-10-16,3.05,6/10/22 0:00,,,,,,,,,,,,,,,,,,
2022-10-17,3.05,6/10/22 0:00,,,,,,,,,,,,,,,,,,
2022-10-18,3.05,7/10/22 0:00,,,,,,,,,,,,,,,,,,
2022-10-19,3.05,11/10/22 0:00,,,,,,,,,,,,,,,,,,
2022-10-20,3.04,12/10/22 0:00,,,,,,,,,,,,,,,,,,
2022-10-21,3.04,13/10/2022,,,,,,,,,,,,,,,,,,
2022-10-22,3.04,14/10/2022,,,,,,,,,,,,,,,,,,
2022-10-23,3.04,14/10/2022,,,,,,,,,,,,,,,,,,
2022-10-24,3.04,14/10/2022,,,,,,,,,,,,,,,,,,
2022-10-25,3.05,17/10/2022,,,,,,,,,,,,,,,,,,
2022-10-26,3.04,18/10/2022,,,,,,,,,,,,,,,,,,
2022-10-27,3.04,19/10/2022,,,,,,,,,,,,,,,,,,
2022-10-28,3.03,20/10/2022,,,,,,,,,,,,,,,,,,
2022-10-29,3.02,21/10/2022,,,,,,,,,,,,,,,,,,
2022-10-30,3.02,21/10/2022,,,,,,,,,,,,,,,,,,
2022-10-31,3.02,21/10/2022,,,,,,,,,,,,,,,,,,
2022-11-01,3.01,24/10/2022,,,,,,,,,,,,,,,,,,
2022-11-02,3.02,25/10/2022,,,,,,,,,,,,,,,,,,
2022-11-03,3.03,26/10/2022,,,,,,,,,,,,,,,,,,
2022-11-04,3.04,27/10/2022,,,,,,,,,,,,,,,,,,
2022-11-05,3.05,28/10/2022,,,,,,,,,,,,,,,,,,
2022-11-06,3.05,28/10/2022,,,,,,,,,,,,,,,,,,
2022-11-07,3.05,28/10/2022,,,,,,,,,,,,,,,,,,
2022-11-08,3.05,31/10/2022,,,,,,,,,,,,,,,,,,
2022-11-09,3.05,1/11/22 0:00,,,,,,,,,,,,,,,,,,
2022-11-10,3.05,2/11/22 0:00,,,,,,,,,,,,,,,,,,
2022-11-11,3.8,3/11/22 0:00,,,,,,,,,,,,,,,,,,
2022-11-12,3.8,3/11/22 0:00,,,,,,,,,,,,,,,,,,
2022-11-13,3.8,3/11/22 0:00,,,,,,,,,,,,,,,,,,
2022-11-14,3.8,3/11/22 0:00,,,,,,,,,,,,,,,,,,
2022-11-15,3.8,4/11/22 0:00,,,,,,,,,,,,,,,,,,
2022-11-16,3.78,7/11/22 0:00,,,,,,,,,,,,,,,,,,
2022-11-17,3.78,8/11/22 0:00,,,,,,,,,,,,,,,,,,
2022-11-18,3.78,9/11/22 0:00,,,,,,,,,,,,,,,,,,
2022-11-19,3.78,10/11/22 0:00,,,,,,,,,,,,,,,,,,
2022-11-20,3.78,10/11/22 0:00,,,,,,,,,,,,,,,,,,
2022-11-21,3.78,10/11/22 0:00,,,,,,,,,,,,,,,,,,
2022-11-22,3.79,14/11/2022,,,,,,,,,,,,,,,,,,
2022-11-23,3.8,15/11/2022,,,,,,,,,,,,,,,,,,
2022-11-24,3.81,16/11/2022,,,,,,,,,,,,,,,,,,
2022-11-25,3.81,16/11/2022,,,,,,,,,,,,,,,,,,
2022-11-26,3.8,17/11/2022,,,,,,,,,,,,,,,,,,
2022-11-27,3.8,17/11/2022,,,,,,,,,,,,,,,,,,
2022-11-28,3.8,17/11/2022,,,,,,,,,,,,,,,,,,
2022-11-29,3.8,18/11/2022,,,,,,,,,,,,,,,,,,
2022-11-30,3.8,21/11/2022,,,,,,,,,,,,,,,,,,
2022-12-01,3.8,22/11/2022,,,,,,,,,,,,,,,,,,
2022-12-02,3.79,23/11/2022,,,,,,,,,,,,,,,,,,
2022-12-03,3.8,25/11/2022,,,,,,,,,,,,,,,,,,
2022-12-04,3.8,25/11/2022,,,,,,,,,,,,,,,,,,
2022-12-05,3.8,25/11/2022,,,,,,,,,,,,,,,,,,
2022-12-06,3.8,28/11/2022,,,,,,,,,,,,,,,,,,
2022-12-07,3.81,29/11/2022,,,,,,,,,,,,,,,,,,
2022-12-08,3.82,30/11/2022,,,,,,,,,,,,,,,,,,
2022-12-09,3.82,1/12/22 0:00,,,,,,,,,,,,,,,,,,
2022-12-10,3.81,2/12/22 0:00,,,,,,,,,,,,,,,,,,
2022-12-11,3.81,2/12/22 0:00,,,,,,,,,,,,,,,,,,
2022-12-12,3.81,2/12/22 0:00,,,,,,,,,,,,,,,,,,
2022-12-13,3.81,5/12/22 0:00,,,,,,,,,,,,,,,,,,
2022-12-14,3.8,6/12/22 0:00,,,,,,,,,,,,,,,,,,
2022-12-15,3.8,7/12/22 0:00,,,,,,,,,,,,,,,,,,
2022-12-16,3.8,8/12/22 0:00,,,,,,,,,,,,,,,,,,
2022-12-17,3.8,9/12/22 0:00,,,,,,,,,,,,,,,,,,
2022-12-18,3.8,9/12/22 0:00,,,,,,,,,,,,,,,,,,
2022-12-19,3.8,9/12/22 0:00,,,,,,,,,,,,,,,,,,
2022-12-20,3.8,12/12/22 0:00,,,,,,,,,,,,,,,,,,
2022-12-21,3.8,13/12/2022,,,,,,,,,,,,,,,,,,
2022-12-22,3.8,14/12/2022,,,,,,,,,,,,,,,,,,
2022-12-23,4.32,15/12/2022,,,,,,,,,,,,,,,,,,
2022-12-24,4.32,16/12/2022,,,,,,,,,,,,,,,,,,
2022-12-25,4.32,16/12/2022,,,,,,,,,,,,,,,,,,
2022-12-26,4.32,16/12/2022,,,,,,,,,,,,,,,,,,
2022-12-27,4.32,16/12/2022,,,,,,,,,,,,,,,,,,
2022-12-28,4.3,19/12/2022,,,,,,,,,,,,,,,,,,
2022-12-29,4.3,20/12/2022,,,,,,,,,,,,,,,,,,
2022-12-30,4.3,21/12/2022,,,,,,,,,,,,,,,,,,
2022-12-31,4.3,22/12/2022,,,,,,,,,,,,,,,,,,
2023-01-01,4.3,22/12/2022,,,,,,,,,,,,,,,,,,
2023-01-02,4.3,22/12/2022,,,,,,,,,,,,,,,,,,
2023-01-03,4.3,22/12/2022,,,,,,,,,,,,,,,,,,
2023-01-04,4.3,23/12/2022,,,,,,,,,,,,,,,,,,
2023-01-05,4.3,27/12/2022,,,,,,,,,,,,,,,,,,
2023-01-06,4.3,28/12/2022,,,,,,,,,,,,,,,,,,
2023-01-07,4.3,29/12/2022,,,,,,,,,,,,,,,,,,
2023-01-08,4.3,29/12/2022,,,,,,,,,,,,,,,,,,
2023-01-09,4.3,29/12/2022,,,,,,,,,,,,,,,,,,
2023-01-10,4.3,30/12/2022,,,,,,,,,,,,,,,,,,
2023-01-11,4.31,3/1/23 0:00,,,,,,,,,,,,,,,,,,
2023-01-12,4.3,4/1/23 0:00,,,,,,,,,,,,,,,,,,
2023-01-13,4.31,5/1/23 0:00,,,,,,,,,,,,,,,,,,
2023-01-14,4.31,6/1/23 0:00,,,,,,,,,,,,,,,,,,
2023-01-15,4.31,6/1/23 0:00,,,,,,,,,,,,,,,,,,
2023-01-16,4.31,6/1/23 0:00,,,,,,,,,,,,,,,,,,
2023-01-17,4.31,6/1/23 0:00,,,,,,,,,,,,,,,,,,
2023-01-18,4.31,9/1/23 0:00,,,,,,,,,,,,,,,,,,
2023-01-19,4.31,10/1/23 0:00,,,,,,,,,,,,,,,,,,
2023-01-20,4.3,11/1/23 0:00,,,,,,,,,,,,,,,,,,
2023-01-21,4.3,12/1/23 0:00,,,,,,,,,,,,,,,,,,
2023-01-22,4.3,12/1/23 0:00,,,,,,,,,,,,,,,,,,
2023-01-23,4.3,12/1/23 0:00,,,,,,,,,,,,,,,,,,
2023-01-24,4.3,13/1/2023,,,,,,,,,,,,,,,,,,
2023-01-25,4.31,17/1/2023,,,,,,,,,,,,,,,,,,
2023-01-26,4.3,18/1/2023,,,,,,,,,,,,,,,,,,
2023-01-27,4.31,19/1/2023,,,,,,,,,,,,,,,,,,
2023-01-28,4.3,20/1/2023,,,,,,,,,,,,,,,,,,
2023-01-29,4.3,20/1/2023,,,,,,,,,,,,,,,,,,
2023-01-30,4.3,20/1/2023,,,,,,,,,,,,,,,,,,
2023-01-31,4.3,23/1/2023,,,,,,,,,,,,,,,,,,
2023-02-01,4.3,24/1/2023,,,,,,,,,,,,,,,,,,
2023-02-02,4.31,25/1/2023,,,,,,,,,,,,,,,,,,
2023-02-03,4.3,26/1/2023,,,,,,,,,,,,,,,,,,
2023-02-04,4.3,27/1/2023,,,,,,,,,,,,,,,,,,
2023-02-05,4.3,27/1/2023,,,,,,,,,,,,,,,,,,
2023-02-06,4.3,27/1/2023,,,,,,,,,,,,,,,,,,
2023-02-07,4.3,30/1/2023,,,,,,,,,,,,,,,,,,
2023-02-08,4.31,31/1/2023,,,,,,,,,,,,,,,,,,
2023-02-09,4.31,1/2/23 0:00,,,,,,,,,,,,,,,,,,
2023-02-10,4.56,2/2/23 0:00,,,,,,,,,,,,,,,,,,
2023-02-11,4.55,3/2/23 0:00,,,,,,,,,,,,,,,,,,
2023-02-12,4.55,3/2/23 0:00,,,,,,,,,,,,,,,,,,
2023-02-13,4.55,3/2/23 0:00,,,,,,,,,,,,,,,,,,
2023-02-14,4.55,6/2/23 0:00,,,,,,,,,,,,,,,,,,
2023-02-15,4.55,7/2/23 0:00,,,,,,,,,,,,,,,,,,
2023-02-16,4.55,8/2/23 0:00,,,,,,,,,,,,,,,,,,
2023-02-17,4.55,9/2/23 0:00,,,,,,,,,,,,,,,,,,
2023-02-18,4.55,10/2/23 0:00,,,,,,,,,,,,,,,,,,
2023-02-19,4.55,10/2/23 0:00,,,,,,,,,,,,,,,,,,
2023-02-20,4.55,10/2/23 0:00,,,,,,,,,,,,,,,,,,
2023-02-21,4.55,10/2/23 0:00,,,,,,,,,,,,,,,,,,
2023-02-22,4.55,13/2/2023,,,,,,,,,,,,,,,,,,
2023-02-23,4.55,14/2/2023,,,,,,,,,,,,,,,,,,
2023-02-24,4.55,15/2/2023,,,,,,,,,,,,,,,,,,
2023-02-25,4.55,16/2/2023,,,,,,,,,,,,,,,,,,
2023-02-26,4.55,16/2/2023,,,,,,,,,,,,,,,,,,
2023-02-27,4.55,16/2/2023,,,,,,,,,,,,,,,,,,
2023-02-28,4.55,17/2/2023,,,,,,,,,,,,,,,,,,
2023-03-01,4.55,21/2/2023,,,,,,,,,,,,,,,,,,
2023-03-02,4.55,22/2/2023,,,,,,,,,,,,,,,,,,
2023-03-03,4.55,23/2/2023,,,,,,,,,,,,,,,,,,
2023-03-04,4.55,24/2/2023,,,,,,,,,,,,,,,,,,
2023-03-05,4.55,24/2/2023,,,,,,,,,,,,,,,,,,
2023-03-06,4.55,24/2/2023,,,,,,,,,,,,,,,,,,
2023-03-07,4.55,27/2/2023,,,,,,,,,,,,,,,,,,
2023-03-08,4.55,28/2/2023,,,,,,,,,,,,,,,,,,
2023-03-09,4.55,1/3/23 0:00,,,,,,,,,,,,,,,,,,
2023-03-10,4.55,2/3/23 0:00,,,,,,,,,,,,,,,,,,
2023-03-11,4.55,3/3/23 0:00,,,,,,,,,,,,,,,,,,
2023-03-12,4.55,3/3/23 0:00,,,,,,,,,,,,,,,,,,
2023-03-13,4.55,3/3/23 0:00,,,,,,,,,,,,,,,,,,
2023-03-14,4.55,6/3/23 0:00,,,,,,,,,,,,,,,,,,
2023-03-15,4.55,7/3/23 0:00,,,,,,,,,,,,,,,,,,
2023-03-16,4.55,8/3/23 0:00,,,,,,,,,,,,,,,,,,
2023-03-17,4.55,9/3/23 0:00,,,,,,,,,,,,,,,,,,
2023-03-18,4.55,10/3/23 0:00,,,,,,,,,,,,,,,,,,
2023-03-19,4.55,10/3/23 0:00,,,,,,,,,,,,,,,,,,
2023-03-20,4.55,10/3/23 0:00,,,,,,,,,,,,,,,,,,
2023-03-21,4.55,13/3/2023,,,,,,,,,,,,,,,,,,
2023-03-22,4.55,14/3/2023,,,,,,,,,,,,,,,,,,
2023-03-23,4.58,15/3/2023,,,,,,,,,,,,,,,,,,
2023-03-24,4.57,16/3/2023,,,,,,,,,,,,,,,,,,
2023-03-25,4.55,17/3/2023,,,,,,,,,,,,,,,,,,
2023-03-26,4.55,17/3/2023,,,,,,,,,,,,,,,,,,
2023-03-27,4.55,17/3/2023,,,,,,,,,,,,,,,,,,
2023-03-28,4.55,20/3/2023,,,,,,,,,,,,,,,,,,
2023-03-29,4.55,21/3/2023,,,,,,,,,,,,,,,,,,
2023-03-30,4.55,22/3/2023,,,,,,,,,,,,,,,,,,
2023-03-31,4.8,23/3/2023,,,,,,,,,,,,,,,,,,
2023-04-01,4.8,24/3/2023,,,,,,,,,,,,,,,,,,
2023-04-02,4.8,24/3/2023,,,,,,,,,,,,,,,,,,
2023-04-03,4.8,24/3/2023,,,,,,,,,,,,,,,,,,
2023-04-04,4.81,27/3/2023,,,,,,,,,,,,,,,,,,
2023-04-05,4.84,28/3/2023,,,,,,,,,,,,,,,,,,
2023-04-06,4.83,29/3/2023,,,,,,,,,,,,,,,,,,
2023-04-07,4.82,30/3/2023,,,,,,,,,,,,,,,,,,
2023-04-08,4.82,30/3/2023,,,,,,,,,,,,,,,,,,
2023-04-09,4.82,30/3/2023,,,,,,,,,,,,,,,,,,
2023-04-10,4.82,30/3/2023,,,,,,,,,,,,,,,,,,
2023-04-11,4.87,31/3/2023,,,,,,,,,,,,,,,,,,
2023-04-12,4.84,3/4/23 0:00,,,,,,,,,,,,,,,,,,
2023-04-13,4.83,4/4/23 0:00,,,,,,,,,,,,,,,,,,
2023-04-14,4.81,5/4/23 0:00,,,,,,,,,,,,,,,,,,
2023-04-15,4.81,6/4/23 0:00,,,,,,,,,,,,,,,,,,
2023-04-16,4.81,6/4/23 0:00,,,,,,,,,,,,,,,,,,
2023-04-17,4.81,6/4/23 0:00,,,,,,,,,,,,,,,,,,
2023-04-18,4.81,10/4/23 0:00,,,,,,,,,,,,,,,,,,
2023-04-19,4.8,11/4/23 0:00,,,,,,,,,,,,,,,,,,
2023-04-20,4.8,12/4/23 0:00,,,,,,,,,,,,,,,,,,
2023-04-21,4.8,13/4/2023,,,,,,,,,,,,,,,,,,
2023-04-22,4.8,14/4/2023,,,,,,,,,,,,,,,,,,
2023-04-23,4.8,14/4/2023,,,,,,,,,,,,,,,,,,
2023-04-24,4.8,14/4/2023,,,,,,,,,,,,,,,,,,
2023-04-25,4.8,17/4/2023,,,,,,,,,,,,,,,,,,
2023-04-26,4.8,18/4/2023,,,,,,,,,,,,,,,,,,
2023-04-27,4.8,19/4/2023,,,,,,,,,,,,,,,,,,
2023-04-28,4.8,20/4/2023,,,,,,,,,,,,,,,,,,
2023-04-29,4.8,21/4/2023,,,,,,,,,,,,,,,,,,
2023-04-30,4.8,21/4/2023,,,,,,,,,,,,,,,,,,
2023-05-01,4.8,21/4/2023,,,,,,,,,,,,,,,,,,
2023-05-02,4.8,24/4/2023,,,,,,,,,,,,,,,,,,
2023-05-03,4.8,25/4/2023,,,,,,,,,,,,,,,,,,
2023-05-04,4.8,26/4/2023,,,,,,,,,,,,,,,,,,
2023-05-05,4.81,27/4/2023,,,,,,,,,,,,,,,,,,
2023-05-06,4.81,28/4/2023,,,,,,,,,,,,,,,,,,
2023-05-07,4.81,28/4/2023,,,,,,,,,,,,,,,,,,
2023-05-08,4.81,28/4/2023,,,,,,,,,,,,,,,,,,
2023-05-09,4.81,1/5/23 0:00,,,,,,,,,,,,,,,,,,
2023-05-10,4.81,2/5/23 0:00,,,,,,,,,,,,,,,,,,
2023-05-11,4.81,3/5/23 0:00,,,,,,,,,,,,,,,,,,
2023-05-12,5.06,4/5/23 0:00,,,,,,,,,,,,,,,,,,
2023-05-13,5.06,5/5/23 0:00,,,,,,,,,,,,,,,,,,
2023-05-14,5.06,5/5/23 0:00,,,,,,,,,,,,,,,,,,
2023-05-15,5.06,5/5/23 0:00,,,,,,,,,,,,,,,,,,
2023-05-16,5.06,8/5/23 0:00,,,,,,,,,,,,,,,,,,
2023-05-17,5.06,9/5/23 0:00,,,,,,,,,,,,,,,,,,
2023-05-18,5.06,10/5/23 0:00,,,,,,,,,,,,,,,,,,
2023-05-19,5.05,11/5/23 0:00,,,,,,,,,,,,,,,,,,
2023-05-20,5.05,12/5/23 0:00,,,,,,,,,,,,,,,,,,
2023-05-21,5.05,12/5/23 0:00,,,,,,,,,,,,,,,,,,
2023-05-22,5.05,12/5/23 0:00,,,,,,,,,,,,,,,,,,
2023-05-23,5.06,15/5/2023,,,,,,,,,,,,,,,,,,
2023-05-24,5.05,16/5/2023,,,,,,,,,,,,,,,,,,
2023-05-25,5.05,17/5/2023,,,,,,,,,,,,,,,,,,
2023-05-26,5.05,18/5/2023,,,,,,,,,,,,,,,,,,
2023-05-27,5.05,19/5/2023,,,,,,,,,,,,,,,,,,
2023-05-28,5.05,19/5/2023,,,,,,,,,,,,,,,,,,
2023-05-29,5.05,19/5/2023,,,,,,,,,,,,,,,,,,
2023-05-30,5.05,19/5/2023,,,,,,,,,,,,,,,,,,
2023-05-31,5.05,22/5/2023,,,,,,,,,,,,,,,,,,
2023-06-01,5.05,23/5/2023,,,,,,,,,,,,,,,,,,
2023-06-02,5.05,24/5/2023,,,,,,,,,,,,,,,,,,
2023-06-03,5.06,25/5/2023,,,,,,,,,,,,,,,,,,
2023-06-04,5.06,25/5/2023,,,,,,,,,,,,,,,,,,
2023-06-05,5.06,25/5/2023,,,,,,,,,,,,,,,,,,
2023-06-06,5.06,26/5/2023,,,,,,,,,,,,,,,,,,
2023-06-07,5.06,30/5/2023,,,,,,,,,,,,,,,,,,
2023-06-08,5.08,31/5/2023,,,,,,,,,,,,,,,,,,
2023-06-09,5.08,1/6/23 0:00,,,,,,,,,,,,,,,,,,
2023-06-10,5.07,2/6/23 0:00,,,,,,,,,,,,,,,,,,
2023-06-11,5.07,2/6/23 0:00,,,,,,,,,,,,,,,,,,
2023-06-12,5.07,2/6/23 0:00,,,,,,,,,,,,,,,,,,
2023-06-13,5.06,5/6/23 0:00,,,,,,,,,,,,,,,,,,
2023-06-14,5.05,6/6/23 0:00,,,,,,,,,,,,,,,,,,
2023-06-15,5.05,7/6/23 0:00,,,,,,,,,,,,,,,,,,
2023-06-16,5.05,8/6/23 0:00,,,,,,,,,,,,,,,,,,
2023-06-17,5.05,8/6/23 0:00,,,,,,,,,,,,,,,,,,
2023-06-18,5.05,8/6/23 0:00,,,,,,,,,,,,,,,,,,
2023-06-19,5.05,8/6/23 0:00,,,,,,,,,,,,,,,,,,
2023-06-20,5.05,12/6/23 0:00,,,,,,,,,,,,,,,,,,
2023-06-21,5.05,13/6/2023,,,,,,,,,,,,,,,,,,
2023-06-22,5.05,14/6/2023,,,,,,,,,,,,,,,,,,
2023-06-23,5.05,14/6/2023,,,,,,,,,,,,,,,,,,
2023-06-24,5.06,15/6/2023,,,,,,,,,,,,,,,,,,
2023-06-25,5.06,15/6/2023,,,,,,,,,,,,,,,,,,
2023-06-26,5.06,15/6/2023,,,,,,,,,,,,,,,,,,
2023-06-27,5.05,16/6/2023,,,,,,,,,,,,,,,,,,
2023-06-28,5.05,20/6/2023,,,,,,,,,,,,,,,,,,
2023-06-29,5.05,21/6/2023,,,,,,,,,,,,,,,,,,
2023-06-30,5.05,22/6/2023,,,,,,,,,,,,,,,,,,
2023-07-01,5.05,22/6/2023,,,,,,,,,,,,,,,,,,
2023-07-02,5.05,22/6/2023,,,,,,,,,,,,,,,,,,
2023-07-03,5.05,22/6/2023,,,,,,,,,,,,,,,,,,
2023-07-04,5.05,26/6/2023,,,,,,,,,,,,,,,,,,
2023-07-05,5.05,27/6/2023,,,,,,,,,,,,,,,,,,
2023-07-06,5.05,27/6/2023,,,,,,,,,,,,,,,,,,
2023-07-07,5.06,29/6/2023,,,,,,,,,,,,,,,,,,
2023-07-08,5.06,29/6/2023,,,,,,,,,,,,,,,,,,
2023-07-09,5.06,29/6/2023,,,,,,,,,,,,,,,,,,
2023-07-10,5.06,29/6/2023,,,,,,,,,,,,,,,,,,
2023-07-11,5.09,30/6/2023,,,,,,,,,,,,,,,,,,
2023-07-12,5.06,3/7/23 0:00,,,,,,,,,,,,,,,,,,
2023-07-13,5.06,5/7/23 0:00,,,,,,,,,,,,,,,,,,
2023-07-14,5.06,6/7/23 0:00,,,,,,,,,,,,,,,,,,
2023-07-15,5.06,6/7/23 0:00,,,,,,,,,,,,,,,,,,
2023-07-16,5.06,6/7/23 0:00,,,,,,,,,,,,,,,,,,
2023-07-17,5.06,6/7/23 0:00,,,,,,,,,,,,,,,,,,
2023-07-18,5.06,10/7/23 0:00,,,,,,,,,,,,,,,,,,
2023-07-19,5.06,11/7/23 0:00,,,,,,,,,,,,,,,,,,
2023-07-20,5.05,12/7/23 0:00,,,,,,,,,,,,,,,,,,
2023-07-21,5.06,13/7/2023,,,,,,,,,,,,,,,,,,
2023-07-22,5.05,14/7/2023,,,,,,,,,,,,,,,,,,
2023-07-23,5.05,14/7/2023,,,,,,,,,,,,,,,,,,
2023-07-24,5.05,14/7/2023,,,,,,,,,,,,,,,,,,
2023-07-25,5.06,17/7/2023,,,,,,,,,,,,,,,,,,
2023-07-26,5.06,18/7/2023,,,,,,,,,,,,,,,,,,
2023-07-27,5.05,19/7/2023,,,,,,,,,,,,,,,,,,
2023-07-28,5.06,20/7/2023,,,,,,,,,,,,,,,,,,
2023-07-29,5.05,21/7/2023,,,,,,,,,,,,,,,,,,
2023-07-30,5.05,21/7/2023,,,,,,,,,,,,,,,,,,
2023-07-31,5.05,21/7/2023,,,,,,,,,,,,,,,,,,
2023-08-01,5.05,24/7/2023,,,,,,,,,,,,,,,,,,
2023-08-02,5.06,25/7/2023,,,,,,,,,,,,,,,,,,
2023-08-03,5.06,26/7/2023,,,,,,,,,,,,,,,,,,
2023-08-04,5.31,27/7/2023,,,,,,,,,,,,,,,,,,
2023-08-05,5.3,28/7/2023,,,,,,,,,,,,,,,,,,
2023-08-06,5.3,28/7/2023,,,,,,,,,,,,,,,,,,
2023-08-07,5.3,28/7/2023,,,,,,,,,,,,,,,,,,
2023-08-08,5.31,31/7/2023,,,,,,,,,,,,,,,,,,
2023-08-09,5.31,1/8/23 0:00,,,,,,,,,,,,,,,,,,
2023-08-10,5.3,2/8/23 0:00,,,,,,,,,,,,,,,,,,
2023-08-11,5.3,3/8/23 0:00,,,,,,,,,,,,,,,,,,
2023-08-12,5.3,4/8/23 0:00,,,,,,,,,,,,,,,,,,
2023-08-13,5.3,4/8/23 0:00,,,,,,,,,,,,,,,,,,
2023-08-14,5.3,4/8/23 0:00,,,,,,,,,,,,,,,,,,
2023-08-15,5.3,7/8/23 0:00,,,,,,,,,,,,,,,,,,
2023-08-16,5.3,8/8/23 0:00,,,,,,,,,,,,,,,,,,
2023-08-17,5.3,9/8/23 0:00,,,,,,,,,,,,,,,,,,
2023-08-18,5.3,10/8/23 0:00,,,,,,,,,,,,,,,,,,
2023-08-19,5.3,11/8/23 0:00,,,,,,,,,,,,,,,,,,
2023-08-20,5.3,11/8/23 0:00,,,,,,,,,,,,,,,,,,
2023-08-21,5.3,11/8/23 0:00,,,,,,,,,,,,,,,,,,
2023-08-22,5.3,14/8/2023,,,,,,,,,,,,,,,,,,
2023-08-23,5.3,15/8/2023,,,,,,,,,,,,,,,,,,
2023-08-24,5.3,16/8/2023,,,,,,,,,,,,,,,,,,
2023-08-25,5.3,17/8/2023,,,,,,,,,,,,,,,,,,
2023-08-26,5.3,18/8/2023,,,,,,,,,,,,,,,,,,
2023-08-27,5.3,18/8/2023,,,,,,,,,,,,,,,,,,
2023-08-28,5.3,18/8/2023,,,,,,,,,,,,,,,,,,
2023-08-29,5.3,21/8/2023,,,,,,,,,,,,,,,,,,
2023-08-30,5.3,22/8/2023,,,,,,,,,,,,,,,,,,
2023-08-31,5.3,23/8/2023,,,,,,,,,,,,,,,,,,
2023-09-01,5.3,24/8/2023,,,,,,,,,,,,,,,,,,
2023-09-02,5.3,25/8/2023,,,,,,,,,,,,,,,,,,
2023-09-03,5.3,25/8/2023,,,,,,,,,,,,,,,,,,
2023-09-04,5.3,25/8/2023,,,,,,,,,,,,,,,,,,
2023-09-05,5.3,25/8/2023,,,,,,,,,,,,,,,,,,
2023-09-06,5.3,28/8/2023,,,,,,,,,,,,,,,,,,
2023-09-07,5.3,29/8/2023,,,,,,,,,,,,,,,,,,
2023-09-08,5.3,30/8/2023,,,,,,,,,,,,,,,,,,
2023-09-09,5.31,31/8/2023,,,,,,,,,,,,,,,,,,
2023-09-10,5.31,31/8/2023,,,,,,,,,,,,,,,,,,
2023-09-11,5.31,31/8/2023,,,,,,,,,,,,,,,,,,
2023-09-12,5.31,1/9/23 0:00,,,,,,,,,,,,,,,,,,
2023-09-13,5.31,5/9/23 0:00,,,,,,,,,,,,,,,,,,
2023-09-14,5.3,6/9/23 0:00,,,,,,,,,,,,,,,,,,
2023-09-15,5.31,7/9/23 0:00,,,,,,,,,,,,,,,,,,
2023-09-16,5.3,8/9/23 0:00,,,,,,,,,,,,,,,,,,
2023-09-17,5.3,8/9/23 0:00,,,,,,,,,,,,,,,,,,
2023-09-18,5.3,8/9/23 0:00,,,,,,,,,,,,,,,,,,
2023-09-19,5.3,11/9/23 0:00,,,,,,,,,,,,,,,,,,
2023-09-20,5.3,12/9/23 0:00,,,,,,,,,,,,,,,,,,
2023-09-21,5.3,13/9/2023,,,,,,,,,,,,,,,,,,
2023-09-22,5.3,14/9/2023,,,,,,,,,,,,,,,,,,
2023-09-23,5.31,15/9/2023,,,,,,,,,,,,,,,,,,
2023-09-24,5.31,15/9/2023,,,,,,,,,,,,,,,,,,
2023-09-25,5.31,15/9/2023,,,,,,,,,,,,,,,,,,
2023-09-26,5.31,18/9/2023,,,,,,,,,,,,,,,,,,
2023-09-27,5.31,19/9/2023,,,,,,,,,,,,,,,,,,
2023-09-28,5.3,20/9/2023,,,,,,,,,,,,,,,,,,
2023-09-29,5.3,21/9/2023,,,,,,,,,,,,,,,,,,
2023-09-30,5.3,22/9/2023,,,,,,,,,,,,,,,,,,
2023-10-01,5.3,22/9/2023,,,,,,,,,,,,,,,,,,
2023-10-02,5.3,22/9/2023,,,,,,,,,,,,,,,,,,
2023-10-03,5.31,25/9/2023,,,,,,,,,,,,,,,,,,
2023-10-04,5.31,26/9/2023,,,,,,,,,,,,,,,,,,
2023-10-05,5.32,27/9/2023,,,,,,,,,,,,,,,,,,
2023-10-06,5.31,28/9/2023,,,,,,,,,,,,,,,,,,
2023-10-07,5.31,29/9/2023,,,,,,,,,,,,,,,,,,
2023-10-08,5.31,29/9/2023,,,,,,,,,,,,,,,,,,
2023-10-09,5.31,29/9/2023,,,,,,,,,,,,,,,,,,
2023-10-10,5.31,29/9/2023,,,,,,,,,,,,,,,,,,
2023-10-11,5.32,2/10/23 0:00,,,,,,,,,,,,,,,,,,
2023-10-12,5.33,3/10/23 0:00,,,,,,,,,,,,,,,,,,
2023-10-13,5.32,4/10/23 0:00,,,,,,,,,,,,,,,,,,
2023-10-14,5.32,5/10/23 0:00,,,,,,,,,,,,,,,,,,
2023-10-15,5.32,5/10/23 0:00,,,,,,,,,,,,,,,,,,
2023-10-16,5.32,5/10/23 0:00,,,,,,,,,,,,,,,,,,
2023-10-17,5.31,6/10/23 0:00,,,,,,,,,,,,,,,,,,
2023-10-18,5.31,10/10/23 0:00,,,,,,,,,,,,,,,,,,
2023-10-19,5.31,11/10/23 0:00,,,,,,,,,,,,,,,,,,
2023-10-20,5.31,12/10/23 0:00,,,,,,,,,,,,,,,,,,
2023-10-21,5.31,13/10/2023,,,,,,,,,,,,,,,,,,
2023-10-22,5.31,13/10/2023,,,,,,,,,,,,,,,,,,
2023-10-23,5.31,13/10/2023,,,,,,,,,,,,,,,,,,
2023-10-24,5.31,16/10/2023,,,,,,,,,,,,,,,,,,
2023-10-25,5.31,17/10/2023,,,,,,,,,,,,,,,,,,
2023-10-26,5.3,18/10/2023,,,,,,,,,,,,,,,,,,
2023-10-27,5.3,19/10/2023,,,,,,,,,,,,,,,,,,
2023-10-28,5.3,20/10/2023,,,,,,,,,,,,,,,,,,
2023-10-29,5.3,20/10/2023,,,,,,,,,,,,,,,,,,
2023-10-30,5.3,20/10/2023,,,,,,,,,,,,,,,,,,
2023-10-31,5.3,23/10/2023,,,,,,,,,,,,,,,,,,
2023-11-01,5.3,24/10/2023,,,,,,,,,,,,,,,,,,
2023-11-02,5.3,25/10/2023,,,,,,,,,,,,,,,,,,
2023-11-03,5.31,26/10/2023,,,,,,,,,,,,,,,,,,
2023-11-04,5.31,27/10/2023,,,,,,,,,,,,,,,,,,
2023-11-05,5.31,27/10/2023,,,,,,,,,,,,,,,,,,
2023-11-06,5.31,27/10/2023,,,,,,,,,,,,,,,,,,
2023-11-07,5.31,30/10/2023,,,,,,,,,,,,,,,,,,
2023-11-08,5.35,31/10/2023,,,,,,,,,,,,,,,,,,
2023-11-09,5.32,1/11/23 0:00,,,,,,,,,,,,,,,,,,
2023-11-10,5.33,2/11/23 0:00,,,,,,,,,,,,,,,,,,
2023-11-11,5.32,3/11/23 0:00,,,,,,,,,,,,,,,,,,
2023-11-12,5.32,3/11/23 0:00,,,,,,,,,,,,,,,,,,
2023-11-13,5.32,3/11/23 0:00,,,,,,,,,,,,,,,,,,
2023-11-14,5.32,6/11/23 0:00,,,,,,,,,,,,,,,,,,
2023-11-15,5.32,7/11/23 0:00,,,,,,,,,,,,,,,,,,
2023-11-16,5.32,8/11/23 0:00,,,,,,,,,,,,,,,,,,
2023-11-17,5.32,9/11/23 0:00,,,,,,,,,,,,,,,,,,
2023-11-18,5.32,10/11/23 0:00,,,,,,,,,,,,,,,,,,
2023-11-19,5.32,10/11/23 0:00,,,,,,,,,,,,,,,,,,
2023-11-20,5.32,10/11/23 0:00,,,,,,,,,,,,,,,,,,
2023-11-21,5.32,13/11/2023,,,,,,,,,,,,,,,,,,
2023-11-22,5.32,14/11/2023,,,,,,,,,,,,,,,,,,
2023-11-23,5.32,15/11/2023,,,,,,,,,,,,,,,,,,
2023-11-24,5.32,15/11/2023,,,,,,,,,,,,,,,,,,
2023-11-25,5.32,16/11/2023,,,,,,,,,,,,,,,,,,
2023-11-26,5.32,16/11/2023,,,,,,,,,,,,,,,,,,
2023-11-27,5.32,16/11/2023,,,,,,,,,,,,,,,,,,
2023-11-28,5.32,17/11/2023,,,,,,,,,,,,,,,,,,
2023-11-29,5.31,20/11/2023,,,,,,,,,,,,,,,,,,
2023-11-30,5.31,21/11/2023,,,,,,,,,,,,,,,,,,
2023-12-01,5.31,22/11/2023,,,,,,,,,,,,,,,,,,
2023-12-02,5.32,24/11/2023,,,,,,,,,,,,,,,,,,
2023-12-03,5.32,24/11/2023,,,,,,,,,,,,,,,,,,
2023-12-04,5.32,24/11/2023,,,,,,,,,,,,,,,,,,
2023-12-05,5.32,27/11/2023,,,,,,,,,,,,,,,,,,
2023-12-06,5.32,28/11/2023,,,,,,,,,,,,,,,,,,
2023-12-07,5.31,29/11/2023,,,,,,,,,,,,,,,,,,
2023-12-08,5.33,30/11/2023,,,,,,,,,,,,,,,,,,
2023-12-09,5.39,1/12/23 0:00,,,,,,,,,,,,,,,,,,
2023-12-10,5.39,1/12/23 0:00,,,,,,,,,,,,,,,,,,
2023-12-11,5.39,1/12/23 0:00,,,,,,,,,,,,,,,,,,
2023-12-12,5.37,4/12/23 0:00,,,,,,,,,,,,,,,,,,
2023-12-13,5.33,5/12/23 0:00,,,,,,,,,,,,,,,,,,
2023-12-14,5.32,6/12/23 0:00,,,,,,,,,,,,,,,,,,
2023-12-15,5.32,7/12/23 0:00,,,,,,,,,,,,,,,,,,
2023-12-16,5.32,8/12/23 0:00,,,,,,,,,,,,,,,,,,
2023-12-17,5.32,8/12/23 0:00,,,,,,,,,,,,,,,,,,
2023-12-18,5.32,8/12/23 0:00,,,,,,,,,,,,,,,,,,
2023-12-19,5.32,11/12/23 0:00,,,,,,,,,,,,,,,,,,
2023-12-20,5.31,12/12/23 0:00,,,,,,,,,,,,,,,,,,
2023-12-21,5.31,13/12/2023,,,,,,,,,,,,,,,,,,
2023-12-22,5.31,14/12/2023,,,,,,,,,,,,,,,,,,
2023-12-23,5.32,15/12/2023,,,,,,,,,,,,,,,,,,
2023-12-24,5.32,15/12/2023,,,,,,,,,,,,,,,,,,
2023-12-25,5.32,15/12/2023,,,,,,,,,,,,,,,,,,
2023-12-26,5.32,15/12/2023,,,,,,,,,,,,,,,,,,
2023-12-27,5.32,18/12/2023,,,,,,,,,,,,,,,,,,
2023-12-28,5.31,19/12/2023,,,,,,,,,,,,,,,,,,
2023-12-29,5.31,20/12/2023,,,,,,,,,,,,,,,,,,
2023-12-30,5.31,21/12/2023,,,,,,,,,,,,,,,,,,
2023-12-31,5.31,21/12/2023,,,,,,,,,,,,,,,,,,
2024-01-01,5.31,21/12/2023,,,,,,,,,,,,,,,,,,
2024-01-02,5.32,22/12/2023,,,,,,,,,,,,,,,,,,
2024-01-03,5.35,26/12/2023,,,,,,,,,,,,,,,,,,
2024-01-04,5.39,27/12/2023,,,,,,,,,,,,,,,,,,
2024-01-05,5.4,28/12/2023,,,,,,,,,,,,,,,,,,
2024-01-06,5.4,28/12/2023,,,,,,,,,,,,,,,,,,
2024-01-07,5.38,29/12/2023,,,,,,,,,,,,,,,,,,
2024-01-08,5.4,2/1/24 0:00,,,,,,,,,,,,,,,,,,
2024-01-09,5.39,3/1/24 0:00,,,,,,,,,,,,,,,,,,
2024-01-10,5.32,4/1/24 0:00,,,,,,,,,,,,,,,,,,
2024-01-11,5.32,4/1/24 0:00,,,,,,,,,,,,,,,,,,
2024-01-12,5.32,4/1/24 0:00,,,,,,,,,,,,,,,,,,
2024-01-13,5.31,5/1/24 0:00,,,,,,,,,,,,,,,,,,
2024-01-14,5.31,8/1/24 0:00,,,,,,,,,,,,,,,,,,
2024-01-15,5.31,9/1/24 0:00,,,,,,,,,,,,,,,,,,
2024-01-16,5.31,10/1/24 0:00,,,,,,,,,,,,,,,,,,
2024-01-17,5.31,11/1/24 0:00,,,,,,,,,,,,,,,,,,
2024-01-18,5.31,11/1/24 0:00,,,,,,,,,,,,,,,,,,
2024-01-19,5.31,11/1/24 0:00,,,,,,,,,,,,,,,,,,
2024-01-20,5.31,11/1/24 0:00,,,,,,,,,,,,,,,,,,
2024-01-21,5.31,12/1/24 0:00,,,,,,,,,,,,,,,,,,
2024-01-22,5.32,16/1/2024,,,,,,,,,,,,,,,,,,
2024-01-23,5.32,17/1/2024,,,,,,,,,,,,,,,,,,
2024-01-24,5.31,18/1/2024,,,,,,,,,,,,,,,,,,
2024-01-25,5.31,18/1/2024,,,,,,,,,,,,,,,,,,
2024-01-26,5.31,18/1/2024,,,,,,,,,,,,,,,,,,
2024-01-27,5.31,19/1/2024,,,,,,,,,,,,,,,,,,
2024-01-28,5.31,22/1/2024,,,,,,,,,,,,,,,,,,
2024-01-29,5.31,23/1/2024,,,,,,,,,,,,,,,,,,
2024-01-30,5.31,24/1/2024,,,,,,,,,,,,,,,,,,
2024-01-31,5.32,25/1/2024,,,,,,,,,,,,,,,,,,
2024-02-01,5.32,25/1/2024,,,,,,,,,,,,,,,,,,
2024-02-02,5.32,25/1/2024,,,,,,,,,,,,,,,,,,
2024-02-03,5.32,26/1/2024,,,,,,,,,,,,,,,,,,
2024-02-04,5.31,29/1/2024,,,,,,,,,,,,,,,,,,
2024-02-05,5.31,30/1/2024,,,,,,,,,,,,,,,,,,
2024-02-06,5.32,31/1/2024,,,,,,,,,,,,,,,,,,
2024-02-07,5.32,1/2/24 0:00,,,,,,,,,,,,,,,,,,
2024-02-08,5.32,1/2/24 0:00,,,,,,,,,,,,,,,,,,
2024-02-09,5.32,1/2/24 0:00,,,,,,,,,,,,,,,,,,
2024-02-10,5.32,2/2/24 0:00,,,,,,,,,,,,,,,,,,
2024-02-11,5.31,5/2/24 0:00,,,,,,,,,,,,,,,,,,
2024-02-12,5.31,6/2/24 0:00,,,,,,,,,,,,,,,,,,
2024-02-13,5.31,7/2/24 0:00,,,,,,,,,,,,,,,,,,
2024-02-14,5.31,8/2/24 0:00,,,,,,,,,,,,,,,,,,
2024-02-15,5.31,8/2/24 0:00,,,,,,,,,,,,,,,,,,
2024-02-16,5.31,8/2/24 0:00,,,,,,,,,,,,,,,,,,
2024-02-17,5.31,9/2/24 0:00,,,,,,,,,,,,,,,,,,
2024-02-18,5.31,12/2/24 0:00,,,,,,,,,,,,,,,,,,
2024-02-19,5.31,13/2/2024,,,,,,,,,,,,,,,,,,
2024-02-20,5.3,14/2/2024,,,,,,,,,,,,,,,,,,
2024-02-21,5.31,15/2/2024,,,,,,,,,,,,,,,,,,
2024-02-22,5.31,15/2/2024,,,,,,,,,,,,,,,,,,
2024-02-23,5.31,15/2/2024,,,,,,,,,,,,,,,,,,
2024-02-24,5.31,15/2/2024,,,,,,,,,,,,,,,,,,
2024-02-25,5.3,16/2/2024,,,,,,,,,,,,,,,,,,
2024-02-26,5.3,20/2/2024,,,,,,,,,,,,,,,,,,
2024-02-27,5.3,21/2/2024,,,,,,,,,,,,,,,,,,
2024-02-28,5.3,22/2/2024,,,,,,,,,,,,,,,,,,
2024-02-29,5.3,22/2/2024,,,,,,,,,,,,,,,,,,
2024-03-01,5.3,22/2/2024,,,,,,,,,,,,,,,,,,
2024-03-02,5.31,23/2/2024,,,,,,,,,,,,,,,,,,
2024-03-03,5.31,26/2/2024,,,,,,,,,,,,,,,,,,
2024-03-04,5.31,27/2/2024,,,,,,,,,,,,,,,,,,
2024-03-05,5.31,28/2/2024,,,,,,,,,,,,,,,,,,
2024-03-06,5.32,29/2/2024,,,,,,,,,,,,,,,,,,
2024-03-07,5.32,29/2/2024,,,,,,,,,,,,,,,,,,
2024-03-08,5.32,29/2/2024,,,,,,,,,,,,,,,,,,
2024-03-09,5.31,1/3/24 0:00,,,,,,,,,,,,,,,,,,
2024-03-10,5.31,4/3/24 0:00,,,,,,,,,,,,,,,,,,
2024-03-11,5.31,5/3/24 0:00,,,,,,,,,,,,,,,,,,
2024-03-12,5.31,6/3/24 0:00,,,,,,,,,,,,,,,,,,
2024-03-13,5.31,7/3/24 0:00,,,,,,,,,,,,,,,,,,
2024-03-14,5.31,7/3/24 0:00,,,,,,,,,,,,,,,,,,
2024-03-15,5.31,7/3/24 0:00,,,,,,,,,,,,,,,,,,
2024-03-16,5.31,8/3/24 0:00,,,,,,,,,,,,,,,,,,
2024-03-17,5.31,11/3/24 0:00,,,,,,,,,,,,,,,,,,
2024-03-18,5.31,12/3/24 0:00,,,,,,,,,,,,,,,,,,
2024-03-19,5.31,13/3/2024,,,,,,,,,,,,,,,,,,
2024-03-20,5.31,14/3/2024,,,,,,,,,,,,,,,,,,
2024-03-21,5.31,14/3/2024,,,,,,,,,,,,,,,,,,
2024-03-22,5.31,14/3/2024,,,,,,,,,,,,,,,,,,
2024-03-23,5.31,15/3/2024,,,,,,,,,,,,,,,,,,
2024-03-24,5.31,18/3/2024,,,,,,,,,,,,,,,,,,
2024-03-25,5.31,19/3/2024,,,,,,,,,,,,,,,,,,
2024-03-26,5.31,20/3/2024,,,,,,,,,,,,,,,,,,
2024-03-27,5.31,21/3/2024,,,,,,,,,,,,,,,,,,
2024-03-28,5.31,21/3/2024,,,,,,,,,,,,,,,,,,
2024-03-29,5.31,21/3/2024,,,,,,,,,,,,,,,,,,
2024-03-30,5.31,22/3/2024,,,,,,,,,,,,,,,,,,
2024-03-31,5.31,25/3/2024,,,,,,,,,,,,,,,,,,
2024-04-01,5.32,26/3/2024,,,,,,,,,,,,,,,,,,
2024-04-02,5.33,27/3/2024,,,,,,,,,,,,,,,,,,
2024-04-03,5.33,27/3/2024,,,,,,,,,,,,,,,,,,
2024-04-04,5.33,27/3/2024,,,,,,,,,,,,,,,,,,
2024-04-05,5.33,27/3/2024,,,,,,,,,,,,,,,,,,
2024-04-06,5.34,28/3/2024,,,,,,,,,,,,,,,,,,
2024-04-07,5.35,1/4/24 0:00,,,,,,,,,,,,,,,,,,
2024-04-08,5.34,2/4/24 0:00,,,,,,,,,,,,,,,,,,
2024-04-09,5.32,3/4/24 0:00,,,,,,,,,,,,,,,,,,
2024-04-10,5.32,4/4/24 0:00,,,,,,,,,,,,,,,,,,
2024-04-11,5.32,4/4/24 0:00,,,,,,,,,,,,,,,,,,
2024-04-12,5.32,4/4/24 0:00,,,,,,,,,,,,,,,,,,
2024-04-13,5.32,5/4/24 0:00,,,,,,,,,,,,,,,,,,
2024-04-14,5.31,8/4/24 0:00,,,,,,,,,,,,,,,,,,
2024-04-15,5.31,9/4/24 0:00,,,,,,,,,,,,,,,,,,
2024-04-16,5.31,10/4/24 0:00,,,,,,,,,,,,,,,,,,
2024-04-17,5.31,11/4/24 0:00,,,,,,,,,,,,,,,,,,
2024-04-18,5.31,11/4/24 0:00,,,,,,,,,,,,,,,,,,
2024-04-19,5.31,11/4/24 0:00,,,,,,,,,,,,,,,,,,
2024-04-20,5.31,12/4/24 0:00,,,,,,,,,,,,,,,,,,
2024-04-21,5.32,15/4/2024,,,,,,,,,,,,,,,,,,
2024-04-22,5.31,16/4/2024,,,,,,,,,,,,,,,,,,
2024-04-23,5.31,17/4/2024,,,,,,,,,,,,,,,,,,
2024-04-24,5.3,18/4/2024,,,,,,,,,,,,,,,,,,
2024-04-25,5.3,18/4/2024,,,,,,,,,,,,,,,,,,
2024-04-26,5.3,18/4/2024,,,,,,,,,,,,,,,,,,
2024-04-27,5.31,19/4/2024,,,,,,,,,,,,,,,,,,
2024-04-28,5.31,22/4/2024,,,,,,,,,,,,,,,,,,
2024-04-29,5.31,23/4/2024,,,,,,,,,,,,,,,,,,
2024-04-30,5.31,24/4/2024,,,,,,,,,,,,,,,,,,
2024-05-01,5.31,25/4/2024,,,,,,,,,,,,,,,,,,
2024-05-02,5.31,25/4/2024,,,,,,,,,,,,,,,,,,
2024-05-03,5.31,25/4/2024,,,,,,,,,,,,,,,,,,
2024-05-04,5.32,26/4/2024,,,,,,,,,,,,,,,,,,
2024-05-05,5.32,29/4/2024,,,,,,,,,,,,,,,,,,
2024-05-06,5.34,30/4/2024,,,,,,,,,,,,,,,,,,
2024-05-07,5.32,1/5/24 0:00,,,,,,,,,,,,,,,,,,
2024-05-08,5.31,2/5/24 0:00,,,,,,,,,,,,,,,,,,
2024-05-09,5.31,2/5/24 0:00,,,,,,,,,,,,,,,,,,
2024-05-10,5.31,2/5/24 0:00,,,,,,,,,,,,,,,,,,
2024-05-11,5.31,3/5/24 0:00,,,,,,,,,,,,,,,,,,
2024-05-12,5.31,6/5/24 0:00,,,,,,,,,,,,,,,,,,
2024-05-13,5.31,7/5/24 0:00,,,,,,,,,,,,,,,,,,
2024-05-14,5.31,8/5/24 0:00,,,,,,,,,,,,,,,,,,
2024-05-15,5.31,9/5/24 0:00,,,,,,,,,,,,,,,,,,
2024-05-16,5.31,9/5/24 0:00,,,,,,,,,,,,,,,,,,
2024-05-17,5.31,9/5/24 0:00,,,,,,,,,,,,,,,,,,
2024-05-18,5.31,10/5/24 0:00,,,,,,,,,,,,,,,,,,
2024-05-19,5.31,13/5/2024,,,,,,,,,,,,,,,,,,
2024-05-20,5.31,14/5/2024,,,,,,,,,,,,,,,,,,
2024-05-21,5.31,15/5/2024,,,,,,,,,,,,,,,,,,
2024-05-22,5.31,16/5/2024,,,,,,,,,,,,,,,,,,
2024-05-23,5.31,16/5/2024,,,,,,,,,,,,,,,,,,
2024-05-24,5.31,16/5/2024,,,,,,,,,,,,,,,,,,
2024-05-25,5.31,17/5/2024,,,,,,,,,,,,,,,,,,
2024-05-26,5.31,20/5/2024,,,,,,,,,,,,,,,,,,
2024-05-27,5.31,21/5/2024,,,,,,,,,,,,,,,,,,
2024-05-28,5.31,22/5/2024,,,,,,,,,,,,,,,,,,
2024-05-29,5.31,23/5/2024,,,,,,,,,,,,,,,,,,
2024-05-30,5.31,23/5/2024,,,,,,,,,,,,,,,,,,
2024-05-31,5.31,23/5/2024,,,,,,,,,,,,,,,,,,
2024-06-01,5.31,23/5/2024,,,,,,,,,,,,,,,,,,
2024-06-02,5.32,24/5/2024,,,,,,,,,,,,,,,,,,
2024-06-03,5.32,28/5/2024,,,,,,,,,,,,,,,,,,
2024-06-04,5.33,29/5/2024,,,,,,,,,,,,,,,,,,
2024-06-05,5.33,30/5/2024,,,,,,,,,,,,,,,,,,
2024-06-06,5.33,30/5/2024,,,,,,,,,,,,,,,,,,
2024-06-07,5.33,30/5/2024,,,,,,,,,,,,,,,,,,
2024-06-08,5.34,31/5/2024,,,,,,,,,,,,,,,,,,
2024-06-09,5.35,3/6/24 0:00,,,,,,,,,,,,,,,,,,
2024-06-10,5.33,4/6/24 0:00,,,,,,,,,,,,,,,,,,
2024-06-11,5.33,5/6/24 0:00,,,,,,,,,,,,,,,,,,
2024-06-12,5.33,6/6/24 0:00,,,,,,,,,,,,,,,,,,
2024-06-13,5.33,6/6/24 0:00,,,,,,,,,,,,,,,,,,
2024-06-14,5.33,6/6/24 0:00,,,,,,,,,,,,,,,,,,
2024-06-15,5.33,7/6/24 0:00,,,,,,,,,,,,,,,,,,
2024-06-16,5.32,10/6/24 0:00,,,,,,,,,,,,,,,,,,
2024-06-17,5.32,11/6/24 0:00,,,,,,,,,,,,,,,,,,
2024-06-18,5.31,12/6/24 0:00,,,,,,,,,,,,,,,,,,
2024-06-19,5.31,13/6/2024,,,,,,,,,,,,,,,,,,
2024-06-20,5.31,13/6/2024,,,,,,,,,,,,,,,,,,
2024-06-21,5.31,13/6/2024,,,,,,,,,,,,,,,,,,
2024-06-22,5.31,14/6/2024,,,,,,,,,,,,,,,,,,
2024-06-23,5.33,17/6/2024,,,,,,,,,,,,,,,,,,
2024-06-24,5.33,17/6/2024,,,,,,,,,,,,,,,,,,
2024-06-25,5.33,18/6/2024,,,,,,,,,,,,,,,,,,
2024-06-26,5.32,20/6/2024,,,,,,,,,,,,,,,,,,
2024-06-27,5.32,20/6/2024,,,,,,,,,,,,,,,,,,
2024-06-28,5.32,20/6/2024,,,,,,,,,,,,,,,,,,
2024-06-29,5.31,21/6/2024,,,,,,,,,,,,,,,,,,
2024-06-30,5.31,24/6/2024,,,,,,,,,,,,,,,,,,
2024-07-01,5.33,25/6/2024,,,,,,,,,,,,,,,,,,
2024-07-02,5.34,26/6/2024,,,,,,,,,,,,,,,,,,
2024-07-03,5.34,27/6/2024,,,,,,,,,,,,,,,,,,
2024-07-04,5.34,27/6/2024,,,,,,,,,,,,,,,,,,
2024-07-05,5.34,27/6/2024,,,,,,,,,,,,,,,,,,
2024-07-06,5.33,28/6/2024,,,,,,,,,,,,,,,,,,
2024-07-07,5.4,1/7/24 0:00,,,,,,,,,,,,,,,,,,
2024-07-08,5.35,2/7/24 0:00,,,,,,,,,,,,,,,,,,
2024-07-09,5.35,2/7/24 0:00,,,,,,,,,,,,,,,,,,
2024-07-10,5.33,3/7/24 0:00,,,,,,,,,,,,,,,,,,
2024-07-11,5.33,3/7/24 0:00,,,,,,,,,,,,,,,,,,
2024-07-12,5.33,3/7/24 0:00,,,,,,,,,,,,,,,,,,
2024-07-13,5.32,5/7/24 0:00,,,,,,,,,,,,,,,,,,
2024-07-14,5.32,8/7/24 0:00,,,,,,,,,,,,,,,,,,
2024-07-15,5.34,9/7/24 0:00,,,,,,,,,,,,,,,,,,
2024-07-16,5.34,10/7/24 0:00,,,,,,,,,,,,,,,,,,
2024-07-17,5.34,11/7/24 0:00,,,,,,,,,,,,,,,,,,
2024-07-18,5.34,11/7/24 0:00,,,,,,,,,,,,,,,,,,
2024-07-19,5.34,11/7/24 0:00,,,,,,,,,,,,,,,,,,
2024-07-20,5.34,12/7/24 0:00,,,,,,,,,,,,,,,,,,
2024-07-21,5.34,15/7/2024,,,,,,,,,,,,,,,,,,
2024-07-22,5.35,16/7/2024,,,,,,,,,,,,,,,,,,
2024-07-23,5.35,17/7/2024,,,,,,,,,,,,,,,,,,
2024-07-24,5.34,18/7/2024,,,,,,,,,,,,,,,,,,
2024-07-25,5.34,18/7/2024,,,,,,,,,,,,,,,,,,
2024-07-26,5.34,18/7/2024,,,,,,,,,,,,,,,,,,
2024-07-27,5.34,19/7/2024,,,,,,,,,,,,,,,,,,
2024-07-28,5.33,22/7/2024,,,,,,,,,,,,,,,,,,
2024-07-29,5.34,23/7/2024,,,,,,,,,,,,,,,,,,
2024-07-30,5.34,24/7/2024,,,,,,,,,,,,,,,,,,
2024-07-31,5.34,24/7/2024,,,,,,,,,,,,,,,,,,
2024-08-01,5.35,25/7/2024,,,,,,,,,,,,,,,,,,
2024-08-02,5.35,25/7/2024,,,,,,,,,,,,,,,,,,
2024-08-03,5.35,26/7/2024,,,,,,,,,,,,,,,,,,
2024-08-04,5.33,29/7/2024,,,,,,,,,,,,,,,,,,
2024-08-05,5.33,30/7/2024,,,,,,,,,,,,,,,,,,
2024-08-06,5.38,31/7/2024,,,,,,,,,,,,,,,,,,
2024-08-07,5.35,1/8/24 0:00,,,,,,,,,,,,,,,,,,
2024-08-08,5.35,1/8/24 0:00,,,,,,,,,,,,,,,,,,
2024-08-09,5.35,1/8/24 0:00,,,,,,,,,,,,,,,,,,
2024-08-10,5.35,2/8/24 0:00,,,,,,,,,,,,,,,,,,
2024-08-11,5.32,5/8/24 0:00,,,,,,,,,,,,,,,,,,
2024-08-12,5.33,6/8/24 0:00,,,,,,,,,,,,,,,,,,
2024-08-13,5.32,5/8/24 0:00,,,,,,,,,,,,,,,,,,
2024-08-14,5.33,6/8/24 0:00,,,,,,,,,,,,,,,,,,
2024-08-15,5.33,7/8/24 0:00,,,,,,,,,,,,,,,,,,
2024-08-16,5.34,8/8/24 0:00,,,,,,,,,,,,,,,,,,
2024-08-17,5.34,9/8/24 0:00,,,,,,,,,,,,,,,,,,
2024-08-18,5.34,9/8/24 0:00,,,,,,,,,,,,,,,,,,
2024-08-19,5.34,9/8/24 0:00,1.80348,1.80348,,,,,,,,,,,,,,,,
2024-08-20,5.34,12/8/24 0:00,1.80348,1.80348,,,,,,,,,,,,,,,,
2024-08-21,5.34,13/8/2024,1.80348,1.80348,,,,,,,,,,,,,,,,
2024-08-22,5.33,14/8/2024,1.80348,1.80348,,,,,,,,,,,,,,,,
2024-08-23,5.35,15/8/2024,1.80348,1.80348,,,,,,,,,,,,,,,,
2024-08-24,5.32,16/8/2024,1.80348,1.80348,,,,,,,,,,,,,,,,
2024-08-25,5.32,16/8/2024,1.80348,1.80348,,,,,,,,,,,,,,,,
2024-08-26,5.32,16/8/2024,1.80348,1.80348,,,,,,,,,,,,,,,,
2024-08-27,5.32,19/8/2024,1.80348,1.80348,,,,,,,,,,,,,,,,
2024-08-28,5.32,20/8/2024,1.80348,1.80348,,,,,,,,,,,,,,,,
2024-08-29,5.31,21/8/2024,1.80348,1.80348,,,,,,,,,,,,,,,,
2024-08-30,5.31,22/8/2024,1.80348,1.80348,,,,,,,,,,,,,,,,
2024-08-31,5.33,23/8/2024,1.80348,1.80348,,,,,,,,,,,,,,,,
2024-09-01,5.33,23/8/2024,1.80348,1.80348,,,,,,,,,,,,,,,,
2024-09-02,5.33,23/8/2024,1.80348,1.80348,,,,,,,,,,,,,,,,
2024-09-03,5.33,23/8/2024,1.80348,1.80348,,,,,,,,,,,,,,,,
2024-09-04,5.34,26/8/2024,1.80348,1.80348,,,,,,,,,,,,,,,,
2024-09-05,5.35,27/8/2024,1.80348,1.80348,,,,,,,,,,,,,,,,
2024-09-06,5.35,28/8/2024,1.80348,1.80348,,,,,,,,,,,,,,,,
2024-09-07,5.33,29/8/2024,1.80348,1.80348,,,,,,,,,,,,,,,,
2024-09-08,5.33,29/8/2024,1.80348,1.80348,,,,,,,,,,,,,,,,
2024-09-09,5.33,29/8/2024,1.660242,1.80348,,,,,,,,,,,,,,,,
2024-09-10,5.32,30/8/2024,1.660242,1.80348,,,,,,,,,,,,,,,,
2024-09-11,5.34,3/9/24 0:00,1.660242,1.80348,,,,,,,,,,,,,,,,
2024-09-12,5.35,4/9/24 0:00,1.660242,1.80348,,,,,,,,,,,,,,,,
2024-09-13,5.35,5/9/24 0:00,1.660242,1.80348,,,,,,,,,,,,,,,,
2024-09-14,5.34,6/9/24 0:00,1.660242,1.80348,,,,,,,,,,,,,,,,
2024-09-15,5.34,6/9/24 0:00,1.660242,1.80348,,,,,,,,,,,,,,,,
2024-09-16,5.34,6/9/24 0:00,1.8453,1.8453,,,,,,,,,,,,,,,,
2024-09-17,5.34,9/9/24 0:00,1.8453,1.8453,,,,,,,,,,,,,,,,
2024-09-18,5.33,10/9/24 0:00,1.8453,1.8453,,,,,,,,,,,,,,,,
2024-09-19,5.32,11/9/24 0:00,1.8453,1.8453,,,,,,,,,,,,,,,,
2024-09-20,5.33,12/9/24 0:00,1.8453,1.8453,,,,,,,,,,,,,,,,
2024-09-21,5.33,13/9/2024,1.8453,1.8453,,,,,,,,,,,,,,,,
2024-09-22,5.33,13/9/2024,1.8453,1.8453,,,,,,,,,,,,,,,,
2024-09-23,5.33,13/9/2024,1.8453,1.8453,,,,,,,,,,,,,,,,
2024-09-24,5.38,16/9/2024,1.8453,1.8453,,,,,,,,,,,,,,,,
2024-09-25,5.38,17/9/2024,1.8453,1.8453,,,,,,,,,,,,,,,,
2024-09-26,5.33,18/9/2024,1.8453,1.8453,,,,,,,,,,,,,,,,
2024-09-27,4.82,19/9/2024,1.8453,1.8453,,,,,,,,,,,,,,,,
2024-09-28,4.83,20/9/2024,1.8453,1.8453,,,,,,,,,,,,,,,,
2024-09-29,4.83,20/9/2024,1.8453,1.8453,,,,,,,,,,,,,,,,
2024-09-30,4.83,20/9/2024,1.8453,1.8453,,,,,,,,,,,,,,,,
2024-10-01,4.83,23/9/2024,1.8453,1.8453,,,,,,,,,,,,,,,,
2024-10-02,4.84,24/9/2024,1.8453,1.8453,,,,,,,,,,,,,,,,
2024-10-03,4.84,25/9/2024,1.8453,1.8453,,,,,,,,,,,,,,,,
2024-10-04,4.83,26/9/2024,1.8453,1.8453,,,,,,,,,,,,,,,,
2024-10-05,4.84,27/9/2024,1.8453,1.8453,,,,,,,,,,,,,,,,
2024-10-06,4.84,27/9/2024,1.8453,1.8453,,,,,,,,,,,,,,,,
2024-10-07,4.84,27/9/2024,1.8453,1.8453,,,,,,,,,,,,,,,,
2024-10-08,4.96,30/9/2024,1.8453,1.8453,,,,,,,,,,,,,,,,
2024-10-09,5.05,1/10/24 0:00,1.8453,1.8453,,,,,,,,,,,,,,,,
2024-10-10,4.92,2/10/24 0:00,1.8453,1.8453,,,,,,,,,,,,,,,,
2024-10-11,4.85,3/10/24 0:00,1.8453,1.8453,,,,,,,,,,,,,,,,
2024-10-12,4.83,4/10/24 0:00,1.8453,1.8453,,,,,,,,,,,,,,,,
2024-10-13,4.83,4/10/24 0:00,1.8453,1.8453,,,,,,,,,,,,,,,,
2024-10-14,4.83,4/10/24 0:00,1.8453,1.8453,,,,,,,,,,,,,,,,
2024-10-15,4.83,7/10/24 0:00,2.35242,2.35242,,,,,,,,,,,,,,,,
2024-10-16,4.84,8/10/24 0:00,2.35242,2.35242,,,,,,,,,,,,,,,,
2024-10-17,4.83,9/10/24 0:00,2.35242,2.35242,,,,,,,,,,,,,,,,
2024-10-18,4.82,10/10/24 0:00,2.35242,2.35242,,,,,,,,,,,,,,,,
2024-10-19,4.82,10/10/24 0:00,2.35242,2.35242,,,,,,,,,,,,,,,,
2024-10-20,4.82,10/10/24 0:00,2.35242,2.35242,,,,,,,,,,,,,,,,
2024-10-21,4.82,10/10/24 0:00,2.326767,2.35242,,,,,,,,,,,,,,,,
2024-10-22,4.81,11/10/24 0:00,2.326767,2.35242,,,,,,,,,,,,,,,,
2024-10-23,4.86,15/10/2024,2.326767,2.35242,,,,,,,,,,,,,,,,
2024-10-24,4.86,16/10/2024,2.326767,2.35242,,,,,,,,,,,,,,,,
2024-10-25,4.85,17/10/2024,2.326767,2.35242,,,,,,,,,,,,,,,,
2024-10-26,4.84,18/10/2024,2.326767,2.35242,,,,,,,,,,,,,,,,
2024-10-27,4.84,18/10/2024,2.326767,2.35242,,,,,,,,,,,,,,,,
2024-10-28,4.84,18/10/2024,2.326767,2.35242,,,,,,,,,,,,,,,,
2024-10-29,4.82,21/10/2024,2.326767,2.35242,,,,,,,,,,,,,,,,
2024-10-30,4.83,22/10/2024,2.326767,2.35242,,,,,,,,,,,,,,,,
2024-10-31,4.83,23/10/2024,2.326767,2.35242,,,,,,,,,,,,,,,,
2024-11-01,4.83,24/10/2024,2.326767,2.35242,,,,,,,,,,,,,,,,
2024-11-02,4.83,25/10/2024,2.326767,2.35242,,,,,,,,,,,,,,,,
2024-11-03,4.83,25/10/2024,2.326767,2.35242,,,,,,,,,,,,,,,,
2024-11-04,4.83,25/10/2024,2.326767,2.35242,,,,,,,,,,,,,,,,
2024-11-05,4.82,28/10/2024,2.326767,2.35242,,,,,,,,,,,,,,,,
2024-11-06,4.82,29/10/2024,2.326767,2.35242,,,,,,,,,,,,,,,,
2024-11-07,4.81,30/10/2024,2.326767,2.35242,,,,,,,,,,,,,,,,
2024-11-08,4.9,31/10/2024,2.326767,2.35242,,,,,,,,,,,,,,,,
2024-11-09,4.86,1/11/24 0:00,2.326767,2.35242,,,,,,,,,,,,,,,,
2024-11-10,4.86,1/11/24 0:00,2.326767,2.35242,,,,,,,,,,,,,,,,
2024-11-11,4.86,1/11/24 0:00,2.326767,2.35242,,,,,,,,,,,,,,,,
2024-11-12,4.82,4/11/24 0:00,2.326767,2.35242,,,,,,,,,,,,,,,,
2024-11-13,4.82,5/11/24 0:00,2.326767,2.35242,,,,,,,,,,,,,,,,
2024-11-14,4.81,6/11/24 0:00,2.326767,2.35242,,,,,,,,,,,,,,,,
2024-11-15,4.82,7/11/24 0:00,3.72318,3.72318,,,,,,,,,,,,,,,,
2024-11-16,4.82,7/11/24 0:00,3.72318,3.72318,,,,,,,,,,,,,,,,
2024-11-17,4.82,7/11/24 0:00,3.72318,3.72318,,,,,,,,,,,,,,,,
2024-11-18,4.82,7/11/24 0:00,3.72318,3.72318,,,,,,,,,,,,,,,,
2024-11-19,4.6,8/11/24 0:00,3.72318,3.72318,,,,,,,,,,,,,,,,
2024-11-20,4.6,12/11/24 0:00,3.72318,3.72318,,,,,,,,,,,,,,,,
2024-11-21,4.59,13/11/2024,3.72318,3.72318,,,,,,,,,,,,,,,,
2024-11-22,4.58,14/11/2024,3.72318,3.72318,,,,,,,,,,,,,,,,
2024-11-23,4.57,15/11/2024,3.72318,3.72318,,,,,,,,,,,,,,,,
2024-11-24,4.57,15/11/2024,3.72318,3.72318,,,,,,,,,,,,,,,,
2024-11-25,4.57,15/11/2024,3.72318,3.72318,,,,,,,,,,,,,,,,
2024-11-26,4.57,18/11/2024,3.72318,3.72318,,,,,,,,,,,,,,,,
2024-11-27,4.57,19/11/2024,3.72318,3.72318,,,,,,,,,,,,,,,,
2024-11-28,4.56,20/11/2024,3.72318,3.72318,,,,,,,,,,,,,,,,
2024-11-29,4.56,20/11/2024,3.72318,3.72318,,,,,,,,,,,,,,,,
2024-11-30,4.56,20/11/2024,3.72318,3.72318,,,,,,,,,,,,,,,,
2024-12-01,4.56,20/11/2024,3.72318,3.72318,,,,,,,,,,,,,,,,
2024-12-02,4.56,20/11/2024,3.72318,3.72318,,,,,,,,,,,,,,,,
2024-12-03,4.57,21/11/2024,3.72318,3.72318,,,,,,,,,,,,,,,,
2024-12-04,4.57,22/11/2024,3.72318,3.72318,,,,,,,,,,,,,,,,
2024-12-05,4.58,25/11/2024,3.72318,3.72318,,,,,,,,,,,,,,,,
2024-12-06,4.58,25/11/2024,3.72318,3.72318,,,,,,,,,,,,,,,,
2024-12-07,4.59,29/11/2024,3.72318,3.72318,,,,,,,,,,,,,,,,
2024-12-08,4.59,29/11/2024,3.72318,3.72318,,,,,,,,,,,,,,,,
2024-12-09,4.59,29/11/2024,3.72318,3.72318,,,,,,,,,,,,,,,,
2024-12-10,4.64,2/12/24 0:00,3.72318,3.72318,,,,,,,,,,,,,,,,
2024-12-11,4.64,3/12/24 0:00,3.72318,3.72318,,,,,,,,,,,,,,,,
2024-12-12,4.59,4/12/24 0:00,3.72318,3.72318,,,,,,,,,,,,,,,,
2024-12-13,4.59,5/12/24 0:00,3.72318,3.72318,,,,,,,,,,,,,,,,
2024-12-14,4.6,6/12/24 0:00,3.72318,3.72318,,,,,,,,,,,,,,,,
2024-12-15,4.6,6/12/24 0:00,3.72318,3.72318,,,,,,,,,,,,,,,,
2024-12-16,4.6,6/12/24 0:00,3.72121,3.72121,,,,,,,,,,,,,,,,
2024-12-17,4.63,9/12/24 0:00,3.72121,3.72121,,,,,,,,,,,,,,,,
2024-12-18,4.64,10/12/24 0:00,3.72121,3.72121,,,,,,,,,,,,,,,,
2024-12-19,4.62,11/12/24 0:00,3.72121,3.72121,,,,,,,,,,,,,,,,
2024-12-20,4.62,12/12/24 0:00,3.72121,3.72121,,,,,,,,,,,,,,,,
2024-12-21,4.6,13/12/2024,3.72121,3.72121,,,,,,,,,,,,,,,,
2024-12-22,4.6,13/12/2024,3.72121,3.72121,,,,,,,,,,,,,,,,
2024-12-23,4.6,13/12/2024,3.66294,3.72121,,,,,,,,,,,,,,,,
2024-12-24,4.65,16/12/2024,3.66294,3.72121,,,,,,,,,,,,,,,,
2024-12-25,4.65,16/12/2024,3.66294,3.72121,,,,,,,,,,,,,,,,
2024-12-26,4.65,16/12/2024,3.66294,3.72121,,,,,,,,,,,,,,,,
2024-12-27,4.62,17/12/2024,3.66294,3.72121,,,,,,,,,,,,,,,,
2024-12-28,4.57,18/12/2024,3.66294,3.72121,,,,,,,,,,,,,,,,
2024-12-29,4.57,18/12/2024,3.66294,3.72121,,,,,,,,,,,,,,,,
2024-12-30,4.57,18/12/2024,3.66294,3.72121,,,,,,,,,,,,,,,,
2024-12-31,4.3,19/12/2024,3.66294,3.72121,,,,,,,,,,,,,,,,
2025-01-01,4.3,20/12/2024,3.66294,3.72121,,,,,,,,,,,,,,,,
2025-01-02,4.4,24/12/2024,3.66294,3.72121,,,,,,,,,,,,,,,,
2025-01-03,4.53,26/12/2024,3.66294,3.72121,,,,,,,,,,,,,,,,
2025-01-04,4.46,27/12/2024,3.66294,3.72121,,,,,,,,,,,,,,,,
2025-01-05,4.37,30/12/2024,3.66294,3.72121,,,,,,,,,,,,,,,,
2025-01-06,4.37,30/12/2024,3.66294,3.72121,,,,,,,,,,,,,,,,
2025-01-07,4.49,31/12/2024,3.66294,3.72121,,,,,,,,,,,,,,,,
2025-01-08,4.4,2/1/25 0:00,3.66294,3.72121,,,,,,,,,,,,,,,,
2025-01-09,4.4,2/1/25 0:00,3.66294,3.72121,,,,,,,,,,,,,,,,
2025-01-10,4.4,2/1/25 0:00,3.66294,3.72121,,,,,,,,,,,,,,,,
2025-01-11,4.31,3/1/25 0:00,3.66294,3.72121,,,,,,,,,,,,,,,,
2025-01-12,4.27,6/1/25 0:00,3.66294,3.72121,,,,,,,,,,,,,,,,
2025-01-13,4.27,7/1/25 0:00,3.66294,3.72121,,,,,,,,,,,,,,,,
2025-01-14,4.29,8/1/25 0:00,3.66294,3.72121,,,,,,,,,,,,,,,,
2025-01-15,4.3,9/1/25 0:00,2.83682,2.83682,,,,,,,,,,,,,,,,
2025-01-16,4.3,9/1/25 0:00,2.83682,2.83682,,,,,,,,,,,,,,,,
2025-01-17,4.3,9/1/25 0:00,2.83682,2.83682,,,,,,,,,,,,,,,,
2025-01-18,4.3,10/1/25 0:00,2.83682,2.83682,,,,,,,,,,,,,,,,
2025-01-19,4.29,13/1/2025,2.83682,2.83682,,,,,,,,,,,,,,,,
2025-01-20,4.28,14/1/2025,2.83682,2.83682,,,,,,,,,,,,,,,,
2025-01-21,4.28,15/1/2025,2.83682,2.83682,,,,,,,,,,,,,,,,
2025-01-22,4.29,16/1/2025,2.83682,2.83682,,,,,,,,,,,,,,,,
2025-01-23,4.29,16/1/2025,2.83682,2.83682,,,,,,,,,,,,,,,,
2025-01-24,4.28,15/1/2025,2.83682,2.83682,,,,,,,,,,,,,,,,
2025-01-25,4.29,16/1/2025,2.83682,2.83682,,,,,,,,,,,,,,,,
2025-01-26,4.29,16/1/2025,2.83682,2.83682,,,,,,,,,,,,,,,,
2025-01-27,4.29,16/1/2025,2.83682,2.83682,,,,,,,,,,,,,,,,
2025-01-28,4.29,17/1/2025,2.83682,2.83682,,,,,,,,,,,,,,,,
2025-01-29,4.29,17/1/2025,2.83682,2.83682,,,,,,,,,,,,,,,,
2025-01-30,4.3,22/1/2025,2.83682,2.83682,,,,,,,,,,,,,,,,
2025-01-31,4.35,23/1/2025,2.83682,2.83682,,,,,,,,,,,,,,,,
2025-02-01,4.34,24/1/2025,2.83682,2.83682,,,,,,,,,,,,,,,,
2025-02-02,4.34,24/1/2025,2.83682,2.83682,,,,,,,,,,,,,,,,
2025-02-03,4.34,24/1/2025,2.83682,2.83682,,,,,,,,,,,,,,,,
2025-02-04,4.34,27/1/2025,2.83682,2.83682,,,,,,,,,,,,,,,,
2025-02-05,4.35,28/1/2025,2.83682,2.83682,,,,,,,,,,,,,,,,
2025-02-06,4.35,29/1/2025,2.83682,2.83682,,,,,,,,,,,,,,,,
2025-02-07,4.36,30/1/2025,2.83682,2.83682,,,,,,,,,,,,,,,,
2025-02-08,4.38,,2.83682,2.83682,,,,,,,,,,,,,,,,
2025-02-09,4.38,,2.83682,2.83682,,,,,,,,,,,,,,,,
2025-02-10,4.38,,2.83682,2.83682,,,,,,,,,,,,,,,,
2025-02-11,4.35,,2.83682,2.83682,,,,,,,,,,,,,,,,
2025-02-12,4.33,,2.83682,2.83682,,,,,,,,,,,,,,,,
2025-02-13,4.33,,2.83682,2.83682,,,,,,,,,,,,,,,,
2025-02-14,4.36,,2.83682,2.83682,,,,,,,,,,,,,,,,
2025-02-15,4.35,,2.83682,2.83682,,,,,,,,,,,,,,,,
2025-02-16,4.35,,2.83682,2.83682,,,,,,,,,,,,,,,,
2025-02-17,4.35,,2.72545,2.72545,,,,,,,,,,,,,,,,
2025-02-18,4.35,,2.72545,2.72545,,,,,,,,,,,,,,,,
2025-02-19,4.35,,2.72545,2.72545,,,,,,,,,,,,,,,,
2025-02-20,4.34,,2.72545,2.72545,,,,,,,,,,,,,,,,
2025-02-21,4.32,,2.72545,2.72545,,,,,,,,,,,,,,,,
2025-02-22,4.33,,2.72545,2.72545,,,,,,,,,,,,,,,,
2025-02-23,4.33,,2.72545,2.72545,,,,,,,,,,,,,,,,
2025-02-24,4.33,,2.72545,2.72545,,,,,,,,,,,,,,,,
2025-02-25,4.33,,2.72545,2.72545,,,,,,,,,,,,,,,,
2025-02-26,4.37,,2.72545,2.72545,,,,,,,,,,,,,,,,
2025-02-27,4.35,,2.72545,2.72545,,,,,,,,,,,,,,,,
2025-02-28,4.33,,2.72545,2.72545,,,,,,,,,,,,,,,,
2025-03-01,4.34,,2.72545,2.72545,,,,,,,,,,,,,,,,
2025-03-02,4.34,,2.72545,2.72545,,,,,,,,,,,,,,,,
2025-03-03,4.34,,2.72545,2.72545,,,,,,,,,,,,,,,,
2025-03-04,4.34,,2.72545,2.72545,,,,,,,,,,,,,,,,
2025-03-05,4.33,,2.72545,2.72545,,,,,,,,,,,,,,,,
2025-03-06,4.33,,2.72545,2.72545,,,,,,,,,,,,,,,,
2025-03-07,4.36,,2.72545,2.72545,,,,,,,,,,,,,,,,
2025-03-08,4.39,,2.72545,2.72545,,,,,,,,,,,,,,,,
2025-03-09,4.39,,2.72545,2.72545,,,,,,,,,,,,,,,,
2025-03-10,4.39,,2.72545,2.72545,,,,,,,,,,,,,,,,
2025-03-11,4.33,,2.72545,2.72545,,,,,,,,,,,,,,,,
2025-03-12,4.33,,2.72545,2.72545,,,,,,,,,,,,,,,,
2025-03-13,4.34,,2.72545,2.72545,,,,,,,,,,,,,,,,
2025-03-14,4.35,,2.72545,2.72545,,,,,,,,,,,,,,,,
2025-03-15,4.34,,2.72545,2.72545,,,,,,,,,,,,,,,,
2025-03-16,4.34,,2.72545,2.72545,,,,,,,,,,,,,,,,
2025-03-17,4.34,,1.99697,,,,,,,,,,,,,,,,,
2025-03-18,4.33,,1.99697,,,,,,,,,,,,,,,,,
2025-03-19,4.32,,1.99697,,,,,,,,,,,,,,,,,
2025-03-20,4.31,,1.99697,,,,,,,,,,,,,,,,,
2025-03-21,4.3,,1.99697,,,,,,,,,,,,,,,,,
2025-03-22,4.3,,1.99697,,,,,,,,,,,,,,,,,
2025-03-23,4.3,,1.99697,,,,,,,,,,,,,,,,,
2025-03-24,4.3,,1.99697,,,,,,,,,,,,,,,,,
2025-03-25,4.32,,1.99697,,,,,,,,,,,,,,,,,
2025-03-26,4.31,,1.99697,,,,,,,,,,,,,,,,,
2025-03-27,4.29,,1.99697,,,,,,,,,,,,,,,,,
2025-03-28,4.29,,1.99697,,,,,,,,,,,,,,,,,
2025-03-29,4.3,,1.99697,,,,,,,,,,,,,,,,,
2025-03-30,4.3,,1.99697,,,,,,,,,,,,,,,,,
2025-03-31,4.3,,1.99697,,,,,,,,,,,,,,,,,
2025-04-01,4.31,,1.99697,,,,,,,,,,,,,,,,,
2025-04-02,4.33,,1.99697,,,,,,,,,,,,,,,,,
2025-04-03,4.35,,1.99697,,,,,,,,,,,,,,,,,
2025-04-04,4.36,,1.99697,,,,,,,,,,,,,,,,,
2025-04-05,4.34,,1.99697,,,,,,,,,,,,,,,,,
2025-04-06,4.34,,1.99697,,,,,,,,,,,,,,,,,
2025-04-07,4.34,,1.99697,,,,,,,,,,,,,,,,,
2025-04-08,4.41,,1.99697,,,,,,,,,,,,,,,,,
2025-04-09,4.39,,1.99697,,,,,,,,,,,,,,,,,
2025-04-10,4.37,,1.99697,,,,,,,,,,,,,,,,,
2025-04-11,4.39,,1.99697,,,,,,,,,,,,,,,,,
2025-04-12,4.35,,2.024352,,,,,,,,,,,,,,,,,
2025-04-13,4.35,,2.024352,,,,,,,,,,,,,,,,,
2025-04-14,4.35,,2.024352,,,,,,,,,,,,,,,,,
2025-04-15,4.33,,2.024352,,,,,,,,,,,,,,,,,
2025-04-16,4.4,,2.024352,,,,,,,,,,,,,,,,,
2025-04-17,4.42,,2.024352,,,,,,,,,,,,,,,,,
2025-04-18,4.37,,2.024352,,,,,,,,,,,,,,,,,
2025-04-19,4.37,,1.53121,,,,,,,,,,,,,,,,,
2025-04-20,4.37,,1.53121,,,,,,,,,,,,,,,,,
2025-04-21,4.37,,1.53121,,,,,,,,,,,,,,,,,
2025-04-22,4.33,,1.53121,,,,,,,,,,,,,,,,,
2025-04-23,4.33,,1.53121,,,,,,,,,,,,,,,,,
2025-04-24,4.36,,1.53121,,,,,,,,,,,,,,,,,
2025-04-25,4.31,,1.53121,,,,,,,,,,,,,,,,,
2025-04-26,4.32,,1.53121,,,,,,,,,,,,,,,,,
2025-04-27,4.32,,1.53121,,,,,,,,,,,,,,,,,
2025-04-28,4.32,,1.53121,,,,,,,,,,,,,,,,,
2025-04-29,4.32,,1.53121,,,,,,,,,,,,,,,,,
2025-04-30,4.3,,1.53121,,,,,,,,,,,,,,,,,
2025-05-01,4.28,,1.53121,,,,,,,,,,,,,,,,,
2025-05-02,4.29,,1.53121,,,,,,,,,,,,,,,,,
2025-05-03,4.33,,1.545066,,,,,,,,,,,,,,,,,
2025-05-04,4.33,,1.545066,,,,,,,,,,,,,,,,,
2025-05-05,4.33,,1.545066,,,,,,,,,,,,,,,,,
2025-05-06,4.36,,1.545066,,,,,,,,,,,,,,,,,
2025-05-07,4.36,,1.545066,,,,,,,,,,,,,,,,,
2025-05-08,4.41,,1.545066,,,,,,,,,,,,,,,,,
2025-05-09,4.39,,1.545066,,,,,,,,,,,,,,,,,
2025-05-10,4.36,,1.545066,,,,,,,,,,,,,,,,,
2025-05-11,4.36,,1.545066,,,,,,,,,,,,,,,,,
2025-05-12,4.36,,1.545066,,,,,,,,,,,,,,,,,
2025-05-13,4.33,,1.545066,,,,,,,,,,,,,,,,,
2025-05-14,4.32,,1.545066,,,,,,,,,,,,,,,,,
2025-05-15,4.3,,1.545066,,,,,,,,,,,,,,,,,
2025-05-16,4.29,,1.65485,,,,,,,,,,,,,,,,,
2025-05-17,4.28,,1.65485,,,,,,,,,,,,,,,,,
2025-05-18,4.28,,1.65485,,,,,,,,,,,,,,,,,
2025-05-19,4.28,,1.655206,,,,,,,,,,,,,,,,,
2025-05-20,4.28,,1.655206,,,,,,,,,,,,,,,,,
2025-05-21,4.3,,1.655206,,,,,,,,,,,,,,,,,
2025-05-22,4.29,,1.655206,,,,,,,,,,,,,,,,,
2025-05-23,4.31,,1.655206,,,,,,,,,,,,,,,,,
2025-05-24,4.3,,1.655206,,,,,,,,,,,,,,,,,
2025-05-25,4.3,,1.655206,,,,,,,,,,,,,,,,,
2025-05-26,4.3,,1.655206,,,,,,,,,,,,,,,,,
2025-05-27,4.3,,1.655206,,,,,,,,,,,,,,,,,
2025-05-28,4.29,,1.655206,,,,,,,,,,,,,,,,,
2025-05-29,4.27,,1.655206,,,,,,,,,,,,,,,,,
2025-05-30,4.26,,1.655206,,,,,,,,,,,,,,,,,
2025-05-31,4.26,,1.655206,,,,,,,,,,,,,,,,,
2025-06-01,4.26,,1.655206,,,,,,,,,,,,,,,,,
2025-06-02,4.26,,1.655206,,,,,,,,,,,,,,,,,
2025-06-03,4.26,,1.663131,,,,,,,,,,,,,,,,,
2025-06-04,4.31,,1.663131,,,,,,,,,,,,,,,,,
2025-06-05,4.33,,1.663131,,,,,,,,,,,,,,,,,
2025-06-06,4.33,,1.663131,,,,,,,,,,,,,,,,,
2025-06-07,4.35,,1.663131,,,,,,,,,,,,,,,,,
2025-06-08,4.35,,1.663131,,,,,,,,,,,,,,,,,
2025-06-09,4.35,,1.663131,,,,,,,,,,,,,,,,,
2025-06-10,4.35,,1.663131,,,,,,,,,,,,,,,,,
2025-06-11,4.32,,1.663131,,,,,,,,,,,,,,,,,
2025-06-12,4.28,,1.663131,,,,,,,,,,,,,,,,,
2025-06-13,4.29,,1.663131,,,,,,,,,,,,,,,,,
2025-06-14,4.29,,1.663131,,,,,,,,,,,,,,,,,
2025-06-15,4.29,,1.663131,,,,,,,,,,,,,,,,,
2025-06-16,4.29,,1.663131,,,,,,,,,,,,,,,,,
2025-06-17,4.29,,1.70455,,,,,,,,,,,,,,,,,
2025-06-18,4.28,,1.70455,,,,,,,,,,,,,,,,,
2025-06-19,4.28,,1.70455,,,,,,,,,,,,,,,,,
2025-06-20,4.28,,1.70455,,,,,,,,,,,,,,,,,
2025-06-21,4.28,,1.70455,,,,,,,,,,,,,,,,,
2025-06-22,4.28,,1.70455,,,,,,,,,,,,,,,,,
2025-06-23,4.28,,1.70455,,,,,,,,,,,,,,,,,
2025-06-24,4.28,,1.70455,,,,,,,,,,,,,,,,,
2025-06-25,4.32,,1.70455,,,,,,,,,,,,,,,,,
2025-06-26,4.31,,1.70455,,,,,,,,,,,,,,,,,
2025-06-27,4.28,,1.70455,,,,,,,,,,,,,,,,,
2025-06-28,4.29,,1.70455,,,,,,,,,,,,,,,,,
2025-06-29,4.29,,1.70455,,,,,,,,,,,,,,,,,
2025-06-30,4.29,,1.70455,,,,,,,,,,,,,,,,,
2025-07-01,4.29,,1.70455,,,,,,,,,,,,,,,,,
2025-07-02,4.3,,1.70455,,,,,,,,,,,,,,,,,
2025-07-03,4.36,,1.70455,,,,,,,,,,,,,,,,,
2025-07-04,4.4,,1.70455,,,,,,,,,,,,,,,,,
2025-07-05,4.4,,1.70455,,,,,,,,,,,,,,,,,
2025-07-06,4.4,,1.70455,,,,,,,,,,,,,,,,,
2025-07-07,4.4,,1.70455,,,,,,,,,,,,,,,,,
2025-07-08,4.39,,1.70455,,,,,,,,,,,,,,,,,
2025-07-09,4.45,,1.70455,,,,,,,,,,,,,,,,,
2025-07-10,4.44,,1.70455,,,,,,,,,,,,,,,,,
2025-07-11,4.4,,1.70455,,,,,,,,,,,,,,,,,
2025-07-12,4.35,,1.70455,,,,,,,,,,,,,,,,,
2025-07-13,4.35,,1.70455,,,,,,,,,,,,,,,,,
2025-07-14,4.35,,1.70455,,,,,,,,,,,,,,,,,
2025-07-15,4.33,,1.70455,,,,,,,,,,,,,,,,,
2025-07-16,4.34,,1.70455,,,,,,,,,,,,,,,,,
2025-07-17,4.32,,1.70455,,,,,,,,,,,,,,,,,
2025-07-18,4.31,,1.70455,,,,,,,,,,,,,,,,,
2025-07-19,4.31,,1.74394,,,,,,,,,,,,,,,,,
2025-07-20,4.31,,1.74394,,,,,,,,,,,,,,,,,
2025-07-21,4.31,,1.74394,,,,,,,,,,,,,,,,,
2025-07-22,4.33,,1.74394,,,,,,,,,,,,,,,,,
2025-07-23,4.37,,1.74394,,,,,,,,,,,,,,,,,
2025-07-24,4.34,,1.74394,,,,,,,,,,,,,,,,,
2025-07-25,4.34,,1.74394,,,,,,,,,,,,,,,,,
2025-07-26,4.3,,1.74394,,,,,,,,,,,,,,,,,
2025-07-27,4.3,,1.74394,,,,,,,,,,,,,,,,,
2025-07-28,4.3,,1.74394,,,,,,,,,,,,,,,,,
2025-07-29,4.28,,1.74394,,,,,,,,,,,,,,,,,
2025-07-30,4.28,,1.74394,,,,,,,,,,,,,,,,,
2025-07-31,4.28,,1.74394,,,,,,,,,,,,,,,,,
2025-08-01,4.3,,1.74394,,,,,,,,,,,,,,,,,
2025-08-02,4.36,,1.74394,,,,,,,,,,,,,,,,,
2025-08-03,4.36,,1.74394,,,,,,,,,,,,,,,,,
2025-08-04,4.36,,1.74394,,,,,,,,,,,,,,,,,
2025-08-05,4.36,,1.74394,,,,,,,,,,,,,,,,,
2025-08-06,4.36,,1.74394,,,,,,,,,,,,,,,,,
2025-08-07,4.32,,1.74394,,,,,,,,,,,,,,,,,
2025-08-08,4.39,,1.74394,,,,,,,,,,,,,,,,,
2025-08-09,4.34,,1.74394,,,,,,,,,,,,,,,,,
2025-08-10,4.34,,1.74394,,,,,,,,,,,,,,,,,
2025-08-11,4.34,,1.74394,,,,,,,,,,,,,,,,,
2025-08-12,4.33,,1.74394,,,,,,,,,,,,,,,,,
2025-08-13,4.34,,1.74394,,,,,,,,,,,,,,,,,
2025-08-14,4.34,,1.74394,,,,,,,,,,,,,,,,,
2025-08-15,4.35,,1.74394,,,,,,,,,,,,,,,,,
2025-08-16,4.35,,1.71,,,,,,,,,,,,,,,,,
2025-08-17,4.35,,1.71,,,,,,,,,,,,,,,,,
2025-08-18,4.35,,1.714439,,,,,,,,,,,,,,,,,
2025-08-19,4.34,,1.714439,,,,,,,,,,,,,,,,,
2025-08-20,4.36,,1.714439,,,,,,,,,,,,,,,,,
2025-08-21,4.33,,1.714439,,,,,,,,,,,,,,,,,
2025-08-22,4.34,,1.714439,,,,,,,,,,,,,,,,,
2025-08-23,4.36,,1.714439,,,,,,,,,,,,,,,,,
2025-08-24,4.36,,1.714439,,,,,,,,,,,,,,,,,
2025-08-25,4.36,,1.714439,,,,,,,,,,,,,,,,,
2025-08-26,4.34,,1.714439,,,,,,,,,,,,,,,,,
2025-08-27,4.33,,1.714439,,,,,,,,,,,,,,,,,
2025-08-28,4.31,,1.714439,,,,,,,,,,,,,,,,,
2025-08-29,4.32,,1.714439,,,,,,,,,,,,,,,,,
2025-08-30,4.36,,1.714439,,,,,,,,,,,,,,,,,
2025-08-31,4.36,,1.714439,,,,,,,,,,,,,,,,,
2025-09-01,4.36,,1.714439,,,,,,,,,,,,,,,,,
2025-09-02,4.36,,1.714439,,,,,,,,,,,,,,,,,
2025-09-03,4.37,,1.714439,,,,,,,,,,,,,,,,,
2025-09-04,4.38,,1.714439,,,,,,,,,,,,,,,,,
2025-09-05,4.36,,1.714439,,,,,,,,,,,,,,,,,
2025-09-06,4.34,,1.714439,,,,,,,,,,,,,,,,,
2025-09-07,4.34,,1.714439,,,,,,,,,,,,,,,,,
2025-09-08,4.34,,1.714439,,,,,,,,,,,,,,,,,
2025-09-09,4.34,,1.714439,,,,,,,,,,,,,,,,,
2025-09-10,4.39,,1.714439,,,,,,,,,,,,,,,,,
2025-09-11,4.39,,1.714439,,,,,,,,,,,,,,,,,
2025-09-12,4.41,,1.714439,,,,,,,,,,,,,,,,,
2025-09-13,4.42,,1.714439,,,,,,,,,,,,,,,,,
2025-09-14,4.42,,1.714439,,,,,,,,,,,,,,,,,
2025-09-15,4.42,,1.714439,,,,,,,,,,,,,,,,,
2025-09-16,4.4,,1.62909,,,,,,,,,,,,,,,,,
2025-09-17,4.4,,1.62909,,,,,,,,,,,,,,,,,
2025-09-18,4.39,,1.62909,,,,,,,,,,,,,,,,,
2025-09-19,4.41,,1.62909,,,,,,,,,,,,,,,,,
2025-09-20,4.42,,1.62909,,,,,,,,,,,,,,,,,
2025-09-21,4.42,,1.62909,,,,,,,,,,,,,,,,,
2025-09-22,4.42,,1.634651,,,,,,,,,,,,,,,,,
2025-09-23,4.51,,1.634651,,,,,,,,,,,,,,,,,
2025-09-24,4.39,,1.634651,,,,,,,,,,,,,,,,,
2025-09-25,4.38,,1.634651,,,,,,,,,,,,,,,,,
2025-09-26,4.14,,1.634651,,,,,,,,,,,,,,,,,
2025-09-27,4.14,,1.634651,,,,,,,,,,,,,,,,,
2025-09-28,4.14,,1.634651,,,,,,,,,,,,,,,,,
2025-09-29,4.14,,1.636442,,,,,,,,,,,,,,,,,
2025-09-30,4.14,,1.636442,,,,,,,,,,,,,,,,,
2025-10-01,4.12,,1.636442,,,,,,,,,,,,,,,,,
2025-10-02,4.13,,1.636442,,,,,,,,,,,,,,,,,
2025-10-03,4.18,,1.636442,,,,,,,,,,,,,,,,,
2025-10-04,4.16,,1.636442,,,,,,,,,,,,,,,,,
2025-10-05,4.16,,1.636442,,,,,,,,,,,,,,,,,
2025-10-06,4.16,,1.636442,,,,,,,,,,,,,,,,,
2025-10-07,4.13,,1.636442,,,,,,,,,,,,,,,,,
2025-10-08,4.24,,1.636442,,,,,,,,,,,,,,,,,
2025-10-09,4.2,,1.636442,,,,,,,,,,,,,,,,,
2025-10-10,4.2,,1.636442,,,,,,,,,,,,,,,,,
2025-10-11,4.18,,1.636442,,,,,,,,,,,,,,,,,
2025-10-12,4.18,,1.636442,,,,,,,,,,,,,,,,,
2025-10-13,4.18,,1.636442,,,,,,,,,,,,,,,,,
2025-10-14,4.18,,1.636442,,,,,,,,,,,,,,,,,
2025-10-15,4.15,,1.636442,,,,,,,,,,,,,,,,,
2025-10-16,4.14,,1.72879,,,,,,,,,,,,,,,,,
2025-10-17,4.12,,1.72879,,,,,,,,,,,,,,,,,
2025-10-18,4.13,,1.72879,,,,,,,,,,,,,,,,,
2025-10-19,4.13,,1.72879,,,,,,,,,,,,,,,,,
2025-10-20,4.13,,1.72879,,,,,,,,,,,,,,,,,
2025-10-21,4.15,,1.72879,,,,,,,,,,,,,,,,,
2025-10-22,4.19,,1.72879,,,,,,,,,,,,,,,,,
2025-10-23,4.29,,1.72879,,,,,,,,,,,,,,,,,
2025-10-24,4.3,,1.72879,,,,,,,,,,,,,,,,,
2025-10-25,4.18,,1.72879,,,,,,,,,,,,,,,,,
2025-10-26,4.18,,1.72879,,,,,,,,,,,,,,,,,
2025-10-27,4.18,,1.72879,,,,,,,,,,,,,,,,,
2025-10-28,4.16,,1.72879,,,11/9/25,11/7/25 0:00,F-HKYLHQGL-39736,Repayment,FP0057,USD,1296.16,56.65,0.0,0.0,1352.81,1.92,,,problem: 20.58
2025-10-29,4.23,,1.72879,,,,,,,,,,,,,,,,,
2025-10-30,4.21,,1.72879,,,,,,,,,,,,,,,,,
2025-10-31,4.24,,1.72879,,,,,,,,,,,,,,,,,
2025-11-01,4.24,,1.72879,,,,,,,,,,,,,,,,,
2025-11-02,4.24,,1.72879,,,,,,,,,,,,,,,,,
2025-11-03,4.24,,1.72879,,,,,,,,,,,,,,,,,
2025-11-04,4.27,,1.72879,,,,,,,,,,,,,,,,,
2025-11-05,4.31,,1.72879,,,,,,,,,,,,,,,,,
2025-11-06,4.27,,1.72879,,,,,,,,,,,,,,,,,
2025-11-07,4.04,,1.72879,,,,,,,,,,,,,,,,,
2025-11-08,4.22,,1.72879,,,,,,,,,,,,,,,,,
2025-11-09,4.22,,1.72879,,,,,,,,,,,,,,,,,
2025-11-10,4.22,,1.72879,,,,,,,,,,,,,,,,,
2025-11-11,4.13,,1.72879,,,,,,,,,,,,,,,,,
2025-11-12,4.13,,1.72879,,,,,,,,,,,,,,,,,
2025-11-13,4.0,,1.72879,,,,,,,,,,,,,,,,,
2025-11-14,3.91,,1.72879,,,,,,,,,,,,,,,,,
2025-11-15,3.92,,1.72879,,,,,,,,,,,,,,,,,
2025-11-16,3.92,,1.72879,,,,,,,,,,,,,,,,,
2025-11-17,3.92,,1.72879,,,,,,,,,,,,,,,,,
2025-11-18,3.93,,1.70727,,,,,,,,,,,,,,,,,
2025-11-19,3.95,,1.70727,,,,,,,,,,,,,,,,,
2025-11-20,3.98,,1.70727,,,,,,,,,,,,,,,,,
2025-11-21,4.0,,1.70727,,,,,,,,,,,,,,,,,
2025-11-22,3.95,,1.70727,,,,,,,,,,,,,,,,,
2025-11-23,3.95,,1.70727,,,,,,,,,,,,,,,,,
2025-11-24,3.95,,1.70727,,,,,,,,,,,,,,,,,
2025-11-25,4.0,,1.70727,,,,,,,,,,,,,,,,,
2025-11-26,3.94,,1.70727,,,,,,,,,,,,,,,,,
2025-11-27,3.91,,1.715838,,,,,,,,,,,,,,,,,
2025-11-28,3.91,,1.715838,,,,,,,,,,,,,,,,,
2025-11-29,3.91,,1.715838,,,,,,,,,,,,,,,,,
2025-11-30,3.91,,1.715838,,,,,,,,,,,,,,,,,
2025-12-01,3.91,,1.715838,,,,,,,,,,,,,,,,,
2025-12-02,3.93,,1.715838,,,,,,,,,,,,,,,,,
2025-12-03,3.96,,1.715838,,,,,,,,,,,,,,,,,
2025-12-04,4.01,,1.715838,,,,,,,,,,,,,,,,,
